HB722501,1
HB722501,11
HB721103,1
HB721103,11
HSSE290L,1
HSSE290L,11
HB722502,1
HB722502,11
HB721003,1
HB721003,11
HB721501,1
HB721501,11
HB721101,1
HB721101,11
HB721102,1
HB721102,11
HB7215G,1
HB7215G,11
HB311403,1
HB311403,11
HSSE290F,1
HSSE290F,11
HB721002,1
HB721002,11
HB721104,1
HB721104,11
HB911601,1
HB911601,11
HB721001,1
HB721001,11
HBA501501,1
HBA501501,11
HBA201801,1
HBA201801,11
HA310611,1
HA310611,11
HB7211F,1
HB7211F,11
HB31H09ECN,1
HB31H09ECN,11
HBA201501,1
HBA201501,11
HB911501,1
HB911501,11
HB7205G,1
HB7205G,11
HB7210G,1
HB7210G,11
HBA501102,1
HBA501102,11
HB572201,1
HB572201,11
HBA501101,1
HBA501101,11
HBA201101,1
HBA201101,11
HBA501601,1
HBA501601,11
HB221801,1
HB221801,11
HB722602,1
HB722602,11
HB7210F,1
HB7210F,11
HB721004,1
HB721004,11
HSSE250LN,1
HSSE250LN,11
HA40E09EEF,1
HA40E09EEF,11
HB571605,1
HB571605,11
HB321601,1
HB321601,11
HB31F11EB,1
HB31F11EB,11
HB571105,1
HB571105,11
HB311302,1
HB311302,11
HB7209F,1
HB7209F,11
HBA221801,1
HBA221801,11
HM50S10ECE,1
HM50S10ECE,11
HB722601,1
HB722601,11
HB311303,1
HB311303,11
HB311402,1
HB311402,11
HBA501801,1
HBA501801,11
HB571801,1
HB571801,11
HM30S11EBE,1
HM30S11EBE,11
HA40E11EEF,1
HA40E11EEF,11
HM20S15EBE,1
HM20S15EBE,11
HBA221501,1
HBA221501,11
HB221601,1
HB221601,11
HB31H09EBN,1
HB31H09EBN,11
HM50S11ECE,1
HM50S11ECE,11
HM40L09ECE,1
HM40L09ECE,11
HA20C11EE,1
HA20C11EE,11
HA40E15EEF,1
HA40E15EEF,11
HA51M11EAE,1
HA51M11EAE,11
HB311103,1
HB311103,11
HBA221101,1
HBA221101,11
HA51M10EAE,1
HA51M10EAE,11
HM10S18EB,1
HM10S18EB,11
HB321102,1
HB321102,11
HB311102,1
HB311102,11
HA51M11EBE,1
HA51M11EBE,11
HB31H15ED,1
HB31H15ED,11
HB321101,1
HB321101,11
HA51M15EAE,1
HA51M15EAE,11
HBA112202,1
HBA112202,11
HM20S18ECE,1
HM20S18ECE,11
HBA112201,1
HBA112201,11
HM40L11ECE,1
HM40L11ECE,11
HA51M10EBE,1
HA51M10EBE,11
HA51M15EBE,1
HA51M15EBE,11
HA40E10EEF,1
HA40E10EEF,11
HB31H09EE,1
HB31H09EE,11
HM20S11EBE,1
HM20S11EBE,11
HB31H09EF,1
HB31H09EF,11
HB31F11EE,1
HB31F11EE,11
HM10S18EC,1
HM10S18EC,11
HM40F09EBE,1
HM40F09EBE,11
HB31H15EB,1
HB31H15EB,11
HM10S18EA,1
HM10S18EA,11
HB31F11EC,1
HB31F11EC,11
HM30S15EBE,1
HM30S15EBE,11
HBA3008S,1
HBA3008S,11
HM20S15ECE,1
HM20S15ECE,11
HM40L15ECE,1
HM40L15ECE,11
HBA111101,1
HBA111101,11
HA51M12EAE,1
HA51M12EAE,11
HB31F11ED,1
HB31F11ED,11
HM20S16EBE,1
HM20S16EBE,11
HBA111501,1
HBA111501,11
HA10C18EE,1
HA10C18EE,11
IBG20AW00A,1
IBG20AW00A,11
HBA511801,1
HBA511801,11
HM10S15EA,1
HM10S15EA,11
HM20S11ECE,1
HM20S11ECE,11
HM40F11EBE,1
HM40F11EBE,11
HM10S16EC,1
HM10S16EC,11
HBA511601,1
HBA511601,11
HM10S15EB,1
HM10S15EB,11
HM10S15EC,1
HM10S15EC,11
HA20C15EE,1
HA20C15EE,11
HA10C16EE,1
HA10C16EE,11
HM10S16EB,1
HM10S16EB,11
HBA511101,1
HBA511101,11
HM20S18EBE,1
HM20S18EBE,11
HA10C15EE,1
HA10C15EE,11
HM40F15EBE,1
HM40F15EBE,11
HBA511501,1
HBA511501,11
HM20S16ECE,1
HM20S16ECE,11
HA20C16EE,1
HA20C16EE,11
HA20C18EE,1
HA20C18EE,11
HM10S16EA,1
HM10S16EA,11
HSSE250LM,1
HSSE250LM,11
HBA3008P,1
HBA3008P,11
IBM0001A,1
IBM0001A,11
HBA511102,1
HBA511102,11
HA43E11EFN,1
HA43E11EFN,11
HA43E09EFN,1
HA43E09EFN,11
IBF0010A,1
IBF0010A,11
IMS11AC02A,1
IMS11AC02A,11
IMS10AC02A,1
IMS10AC02A,11
HMSL11EDEN,1
HMSL11EDEN,11
IBF0009A,1
IBF0009A,11
IBA0000A,1
IBA0000A,11
IMP26AA00A,1
IMP26AA00A,11
HA43E15EFN,1
HA43E15EFN,11
IMS11AB01A,1
IMS11AB01A,11
IMS11AB00A,1
IMS11AB00A,11
HA00G01EEU,1
HA00G01EEU,11
IMS15AB01A,1
IMS15AB01A,11
IMP11AA00A,1
IMP11AA00A,11
IMP25AA00A,1
IMP25AA00A,11
HMSL15EDEN,1
HMSL15EDEN,11
IMP10AA00A,1
IMP10AA00A,11
IMP16AA00A,1
IMP16AA00A,11
IMS15AB00A,1
IMS15AB00A,11
IAP23AA01A,1
IAP23AA01A,11
IMP15AA00A,1
IMP15AA00A,11
IAP23AA00A,1
IAP23AA00A,11
HSSE290L,111
HB311403,111
HSSE290F,111
HB31H09ECN,111
HBA501102,111
HB572201,111
HSSE250LN,111
HB31F11EB,111
HB311302,111
HB311303,111
HB311402,111
HB571801,111
HB31H09EBN,111
HB311103,111
HB311102,111
HB31H15ED,111
HB321101,111
HB31H09EE,111
HB31H09EF,111
HB31F11EE,111
HB31H15EB,111
HB31F11EC,111
HBA3008S,111
HB31F11ED,111
HSSE250LM,111
HBA3008P,111
IBM0001A,111
HBA511102,111
HA43E11EFN,111
HA43E09EFN,111
HA43E15EFN,111
HB721501,112
HB721101,112
HB721102,112
HB721002,112
HB721104,112
HB911601,112
HB721001,112
HBA501501,112
HBA201801,112
HBA201501,112
HB911501,112
HBA501101,112
HBA201101,112
HBA501601,112
HB221801,112
HB721004,112
HB571605,112
HB321601,112
HB571105,112
HBA221801,112
HBA501801,112
HBA221501,112
HB221601,112
HBA221101,112
HB321102,112
HBA112202,112
HBA112201,112
HBA111101,112
HBA111501,112
HBA511801,112
HBA511601,112
HBA511501,112
IBF0010A,112
IBF0009A,112
HB722501,113
HB721103,113
HB722502,113
HB721003,113
HB722602,113
HB722601,113
IMP26AA00A,113
IMP25AA00A,113
HA40E09EEF,114
HM50S10ECE,114
HM30S11EBE,114
HA40E11EEF,114
HM20S15EBE,114
HM50S11ECE,114
HM40L09ECE,114
HA20C11EE,114
HA40E15EEF,114
HA51M11EAE,114
HA51M10EAE,114
HM10S18EB,114
HA51M11EBE,114
HA51M15EAE,114
HM20S18ECE,114
HM40L11ECE,114
HA51M10EBE,114
HA51M15EBE,114
HA40E10EEF,114
HM20S11EBE,114
HM10S18EC,114
HM40F09EBE,114
HM10S18EA,114
HM30S15EBE,114
HM20S15ECE,114
HM40L15ECE,114
HA51M12EAE,114
HM20S16EBE,114
HA10C18EE,114
HM10S15EA,114
HM20S11ECE,114
HM40F11EBE,114
HM10S16EC,114
HM10S15EB,114
HM10S15EC,114
HA20C15EE,114
HA10C16EE,114
HM10S16EB,114
HBA511101,114
HA10C15EE,114
HM20S18EBE,114
HM40F15EBE,114
HM20S16ECE,114
HA20C16EE,114
HA20C18EE,114
HM10S16EA,114
HA43E11EFN,114
HA43E09EFN,114
IMS11AC02A,114
IMS10AC02A,114
HMSL11EDEN,114
IMP26AA00A,114
HA43E15EFN,114
IMS11AB01A,114
IMS11AB00A,114
IMS15AB01A,114
IMP25AA00A,114
IMP11AA00A,114
HMSL15EDEN,114
IMP10AA00A,114
IMP16AA00A,114
IMS15AB00A,114
IMP15AA00A,114
HB7215G,115
HA310611,115
HB7211F,115
HB7205G,115
HB7210G,115
HB7210F,115
HB7209F,115
IBG20AW00A,115
IBA0000A,115
HA00G01EEU,115
IAP23AA01A,115
IAP23AA00A,115
HA40E09EEF,12
HM50S10ECE,12
HM30S11EBE,12
HA40E11EEF,12
HM20S15EBE,12
HM50S11ECE,12
HM40L09ECE,12
HA20C11EE,12
HA40E15EEF,12
HA51M11EAE,12
HA51M10EAE,12
HM10S18EB,12
HA51M11EBE,12
HA51M15EAE,12
HM20S18ECE,12
HM40L11ECE,12
HA51M10EBE,12
HA51M15EBE,12
HA40E10EEF,12
HM20S11EBE,12
HM10S18EC,12
HM40F09EBE,12
HM10S18EA,12
HM30S15EBE,12
HM20S15ECE,12
HM40L15ECE,12
HA51M12EAE,12
HM20S16EBE,12
HA10C18EE,12
HM10S15EA,12
HM20S11ECE,12
HM40F11EBE,12
HM10S16EC,12
HM10S15EB,12
HM10S15EC,12
HA20C15EE,12
HA10C16EE,12
HM10S16EB,12
HA10C15EE,12
HA11M11EAE,1
HA11M11EAE,12
HM20S18EBE,12
HM40F15EBE,12
HM20S16ECE,12
HA20C16EE,12
HA20C18EE,12
HM10S16EA,12
HA43E11EFN,12
HA43E09EFN,12
HMSL10ECEN,1
HMSL10ECEN,12
HMSL11EDEN,12
IMS16AB01A,1
IMS16AB01A,12
IMS16AB00A,1
IMS16AB00A,12
IMP26AA00A,12
HA43E15EFN,12
IMP25AA00A,12
IMP11AA00A,12
IMP10AA00A,12
IMP16AA00A,12
IMP15AA00A,12
HM50S10ECE,121
HM30S11EBE,121
HM20S15EBE,121
HM50S11ECE,121
HM40L09ECE,121
HA51M11EAE,121
HA51M10EAE,121
HM10S18EB,121
HA51M11EBE,121
HA51M15EAE,121
HM20S18ECE,121
HM40L11ECE,121
HA51M10EBE,121
HA51M15EBE,121
HM20S11EBE,121
HM10S18EC,121
HM40F09EBE,121
HM10S18EA,121
HM30S15EBE,121
HM20S15ECE,121
HM40L15ECE,121
HA51M12EAE,121
HM20S16EBE,121
HM10S15EA,121
HM20S11ECE,121
HM40F11EBE,121
HM10S16EC,121
HM10S15EB,121
HM10S15EC,121
HM10S16EB,121
HA11M11EAE,121
HM20S18EBE,121
HM40F15EBE,121
HM20S16ECE,121
HM10S16EA,121
HMSL10ECEN,121
HMSL11EDEN,121
IMS16AB01A,121
IMS16AB00A,121
HA40E09EEF,122
HA40E11EEF,122
HA20C11EE,122
HA40E15EEF,122
HA40E10EEF,122
HA10C18EE,122
HA20C15EE,122
HA10C16EE,122
HA10C15EE,122
HA20C16EE,122
HA20C18EE,122
HA43E11EFN,122
HA43E09EFN,122
HA43E15EFN,122
IMP26AA00A,122
IMP25AA00A,122
IMP11AA00A,122
IMP10AA00A,122
IMP16AA00A,122
IMP15AA00A,122
HW900801,1
HW900801,13
HD910841,1
HD910841,13
HSYA0006,1
HSYA0006,13
HD900811,1
HD900811,13
HDA200801,1
HDA200801,13
HPA201201,1
HPA201201,13
HP721015,1
HP721015,13
HPA200801,1
HPA200801,13
HPA101203,1
HPA101203,13
HP900641R,1
HP900641R,13
HD571832,1
HD571832,13
HYC8080P,1
HYC8080P,13
HDA500811,1
HDA500811,13
HPA501231,1
HPA501231,13
HP311231,1
HP311231,13
HDA100801,1
HDA100801,13
HC401002R,1
HC401002R,13
HA72R10EU,1
HA72R10EU,13
HYC8081P,1
HYC8081P,13
HPA101202,1
HPA101202,13
HU00R01EL,1
HU00R01EL,13
HP900651R,1
HP900651R,13
HP801033,1
HP801033,13
HP900841R,1
HP900841R,13
HA72S00EEA,1
HA72S00EEA,13
HD58Y103EL,1
HD58Y103EL,13
HCH1007,1
HCH1007,13
HE570931,1
HE570931,13
HE570911,1
HE570911,13
HU00R00EL,1
HU00R00EL,13
HPA101201,1
HPA101201,13
HD21Y050L,1
HD21Y050L,13
HA72R10AU,1
HA72R10AU,13
HC570521,1
HC570521,13
HPA500821,1
HPA500821,13
HP571041R,1
HP571041R,13
HYC6003,1
HYC6003,13
HPA500831,1
HPA500831,13
HC570221,1
HC570221,13
HC401001,1
HC401001,13
HCH1003N,1
HCH1003N,13
HA570302,1
HA570302,13
HD701013N,1
HD701013N,13
HC400802,1
HC400802,13
HYC848D,1
HYC848D,13
HYC910A,1
HYC910A,13
HA20S04EEF,1
HA20S04EEF,13
HYC8024,1
HYC8024,13
HYC8008,1
HYC8008,13
HC400801,1
HC400801,13
HSMC7085R,1
HSMC7085R,13
HYC8118,1
HYC8118,13
HP311041R,1
HP311041R,13
HYC8004,1
HYC8004,13
HYC8006,1
HYC8006,13
HYC8058R,1
HYC8058R,13
HYC8138,1
HYC8138,13
HYC8124R,1
HYC8124R,13
HYC848E,1
HYC848E,13
HYC8026,1
HYC8026,13
HCH1003,1
HCH1003,13
HP310651R,1
HP310651R,13
HYC8124L,1
HYC8124L,13
HPA511231,1
HPA511231,13
HP721025R,1
HP721025R,13
HP720605R,1
HP720605R,13
IFW0024A,1
IFW0024A,13
HPA510831,1
HPA510831,13
HP801043R,1
HP801043R,13
IFH00AQ00A,1
IFH00AQ00A,13
HYC911A,1
HYC911A,13
IFW0025A,1
IFW0025A,13
HDB1E10LE,1
HDB1E10LE,13
HYC912D,1
HYC912D,13
IFW0021A,1
IFW0021A,13
IFO0001A,1
IFO0001A,13
HDB1E08HE,1
HDB1E08HE,13
HPB1E08AE,1
HPB1E08AE,13
HPB1E08CE,1
HPB1E08CE,13
HYC941A,1
HYC941A,13
IFW0022A,1
IFW0022A,13
IFI0010A,1
IFI0010A,13
IFW0023A,1
IFW0023A,13
IFI0009A,1
IFI0009A,13
HYC911C,1
HYC911C,13
HPB1E08BE,1
HPB1E08BE,13
HYC912C,1
HYC912C,13
HYC911B,1
HYC911B,13
HYC991A,1
HYC991A,13
HYC992D,1
HYC992D,13
HYC991B,1
HYC991B,13
HYC992C,1
HYC992C,13
IFO0000A,1
IFO0000A,13
HYC991C,1
HYC991C,13
HYC912B,1
HYC912B,13
HYC941D,1
HYC941D,13
HYC951B,1
HYC951B,13
HYC951A,1
HYC951A,13
HYC912A,1
HYC912A,13
HYC993A,1
HYC993A,13
HYC951D,1
HYC951D,13
HYC913E,1
HYC913E,13
HYC913B,1
HYC913B,13
HYC941B,1
HYC941B,13
HYC993E,1
HYC993E,13
HYC992B,1
HYC992B,13
HYC913D,1
HYC913D,13
HYC913A,1
HYC913A,13
HYC848F,1
HYC848F,13
HYC993B,1
HYC993B,13
HYC993D,1
HYC993D,13
HYC992A,1
HYC992A,13
HYC910A,131
HYC911A,131
HYC912D,131
HYC941A,131
HYC911C,131
HYC912C,131
HYC911B,131
HYC991A,131
HYC992D,131
HYC991B,131
HYC992C,131
HYC991C,131
HYC912B,131
HYC941D,131
HYC951B,131
HYC951A,131
HYC912A,131
HYC993A,131
HYC913E,131
HYC951D,131
HYC913B,131
HYC941B,131
HYC993E,131
HYC992B,131
HYC913D,131
HYC913A,131
HYC993B,131
HYC993D,131
HYC992A,131
HYC848D,132
HYC8024,132
HYC8008,132
HYC8118,132
HYC8004,132
HYC8006,132
HYC8058R,132
HYC8138,132
HYC8124R,132
HYC848E,132
HYC8026,132
HYC8124L,132
IFW0024A,132
IFH00AQ00A,132
IFW0025A,132
IFW0021A,132
IFO0001A,132
IFW0022A,132
IFI0010A,132
IFI0009A,132
IFW0023A,132
IFO0000A,132
HYC848F,132
HW900801,133
HD910841,133
HSYA0006,133
HD900811,133
HDA200801,133
HPA201201,133
HP721015,133
HPA200801,133
HPA101203,133
HP900641R,133
HD571832,133
HYC8080P,133
HDA500811,133
HPA501231,133
HP311231,133
HDA100801,133
HC401002R,133
HA72R10EU,133
HYC8081P,133
HPA101202,133
HU00R01EL,133
HP900651R,133
HP801033,133
HP900841R,133
HA72S00EEA,133
HD58Y103EL,133
HCH1007,133
HE570931,133
HE570911,133
HU00R00EL,133
HPA101201,133
HD21Y050L,133
HA72R10AU,133
HC570521,133
HPA500821,133
HP571041R,133
HYC6003,133
HPA500831,133
HC570221,133
HC401001,133
HCH1003N,133
HA570302,133
HD701013N,133
HC400802,133
HA20S04EEF,133
HC400801,133
HSMC7085R,133
HP311041R,133
HYC8058R,133
HYC8124R,133
HYC8026,133
HCH1003,133
HP310651R,133
HYC8124L,133
HPA511231,133
HP721025R,133
HP720605R,133
HPA510831,133
HP801043R,133
HDB1E10LE,133
HDB1E08HE,133
HPB1E08AE,133
HPB1E08CE,133
HPB1E08BE,133
HA310611,14
HP900511,1
HP900511,14
HPA201201,14
HA9003,1
HA9003,14
HP721015,14
HPA200801,14
HPA101203,14
HP900641R,14
HC310522,1
HC310522,14
HPA501231,14
HP311231,14
HDA100801,14
HP570422,1
HP570422,14
HC401002R,14
HAA100401,1
HAA100401,14
HPA101202,14
HP900651R,14
HPA200401,1
HPA200401,14
HP801033,14
HP900841R,14
HAA200401,1
HAA200401,14
HP570432,1
HP570432,14
HE570931,14
HPA100401,1
HPA100401,14
HE570911,14
HP570421,1
HP570421,14
HP720516,1
HP720516,14
HPA101201,14
HC570521,14
HP800421,1
HP800421,14
HPA500821,14
HP571041R,14
HP570832,1
HP570832,14
HPA500831,14
HC570221,14
HC401001,14
HA570302,14
HC400802,14
HPA300501,1
HPA300501,14
HC400801,14
HSMC7085R,14
HP311041R,14
HYC8058R,14
HP310651R,14
HP721025R,14
HP720605R,14
HP801043R,14
HSOP064OR,1
HSOP064OR,14
HA310611,141
HP900511,141
HA9003,141
HC310522,141
HP570422,141
HAA100401,141
HPA200401,141
HAA200401,141
HP570432,141
HPA100401,141
HP570421,141
HP720516,141
HP800421,141
HP570832,141
HPA300501,141
HPA201201,142
HP721015,142
HPA200801,142
HPA101203,142
HP900641R,142
HPA501231,142
HP311231,142
HDA100801,142
HC401002R,142
HPA101202,142
HP900651R,142
HP801033,142
HP900841R,142
HPA101201,142
HPA500821,142
HP571041R,142
HPA500831,142
HC401001,142
HC400802,142
HC400801,142
HSMC7085R,142
HP311041R,142
HYC8058R,142
HP310651R,142
HP721025R,142
HP720605R,142
HP801043R,142
HSOP064OR,142
HE570931,143
HE570911,143
HC570521,143
HC570221,143
HA570302,143
HSMD018,2
HSMD018,21
HPEL008,2
HPEL008,21
HL13T19HL,2
HL13T19HL,21
HSUD018T,2
HSUD018T,21
HL10Y06TL,2
HL10Y06TL,21
HSPD140,2
HSPD140,21
HSMD012,2
HSMD012,21
HA310611,2
HA310611,21
HSPD120,2
HSPD120,21
HPED112,2
HPED112,21
HSUA0100,2
HSUA0100,21
HSUD018,2
HSUD018,21
HPED014P,2
HPED014P,21
HL12T16HL,2
HL12T16HL,21
HFT018,2
HFT018,21
HSUD012,2
HSUD012,21
HL70Y12MLN,2
HL70Y12MLN,21
HEL410,2
HEL410,21
HSPD010N,2
HSPD010N,21
HCS760T,2
HCS760T,21
HSUD014F,2
HSUD014F,21
HFT014,2
HFT014,21
HA9003,2
HA9003,21
HSUD018F,2
HSUD018F,21
HSUD014,2
HSUD014,21
HT90Y16EL,2
HT90Y16EL,21
HSUD012H,2
HSUD012H,21
HL70Y12LLN,2
HL70Y12LLN,21
HSPD110N,2
HSPD110N,21
HPED012,2
HPED012,21
HL60Y12LL,2
HL60Y12LL,21
HL60Y12HL,2
HL60Y12HL,21
HLC0E04HU,2
HLC0E04HU,21
HL60Y08LL,2
HL60Y08LL,21
HL31Y12EL,2
HL31Y12EL,21
HL31Y05EL,2
HL31Y05EL,21
HL60Y08HL,2
HL60Y08HL,21
HLB0Y08HL,2
HLB0Y08HL,21
HLA0T12ELN,2
HLA0T12ELN,21
HLB0Y05EL,2
HLB0Y05EL,21
HSPA0102,2
HSPA0102,21
HC70Y22EL,2
HC70Y22EL,21
HT00Y08LL,2
HT00Y08LL,21
HLC0E04EU,2
HLC0E04EU,21
HT00Y08EL,2
HT00Y08EL,21
HL14E06EL,2
HL14E06EL,21
HSPA104,2
HSPA104,21
HLF0E09EL,2
HLF0E09EL,21
HL41Y12EG,2
HL41Y12EG,21
HXEL510,2
HXEL510,21
HLC0E04EL,2
HLC0E04EL,21
HT00Y06LL,2
HT00Y06LL,21
HT00Y06EL,2
HT00Y06EL,21
HXL70Y12EL,2
HXL70Y12EL,21
HLC0E04HL,2
HLC0E04HL,21
HL41Y06EG,2
HL41Y06EG,21
HL32Y14EF,2
HL32Y14EF,21
HSJL009,2
HSJL009,21
HL32Y14EL,2
HL32Y14EL,21
HL91T12ET,2
HL91T12ET,21
HSJL006,2
HSJL006,21
HL32Y05EL,2
HL32Y05EL,21
HL75Y12EE,2
HL75Y12EE,21
HL35E08EL,2
HL35E08EL,21
HL35E05EL,2
HL35E05EL,21
HL35E08EG,2
HL35E08EG,21
HPEL008,211
HL10Y06TL,211
HA310611,211
HL70Y12MLN,211
HEL410,211
HCS760T,211
HA9003,211
HL70Y12LLN,211
HL60Y12LL,211
HL60Y12HL,211
HLC0E04HU,211
HL60Y08LL,211
HL31Y12EL,211
HL31Y05EL,211
HL60Y08HL,211
HLB0Y08HL,211
HLA0T12ELN,211
HLB0Y05EL,211
HLC0E04EU,211
HL14E06EL,211
HLF0E09EL,211
HL41Y12EG,211
HXEL510,211
HLC0E04EL,211
HXL70Y12EL,211
HLC0E04HL,211
HL41Y06EG,211
HL32Y14EF,211
HSJL009,211
HL32Y14EL,211
HL91T12ET,211
HSJL006,211
HL32Y05EL,211
HL75Y12EE,211
HL35E08EL,211
HL35E05EL,211
HL35E08EG,211
HSMD018,212
HL13T19HL,212
HSUD018T,212
HSPD140,212
HSMD012,212
HSPD120,212
HL12T16HL,212
HFT018,212
HSUD014F,212
HFT014,212
HSUD018F,212
HSUD014,212
HT90Y16EL,212
HSUD012H,212
HC70Y22EL,212
HPED112,213
HPED014P,213
HSPD010N,213
HSPD110N,213
HPED012,213
HT00Y08LL,213
HT00Y08EL,213
HT00Y06LL,213
HT00Y06EL,213
HSUA0100,214
HSPA0102,214
HSPA104,214
HP311621,2
HP311621,22
HP60Y202L,2
HP60Y202L,22
HP60Y222U,2
HP60Y222U,22
HP901201,2
HP901201,22
HP60Y202G,2
HP60Y202G,22
HP61Y18EL,2
HP61Y18EL,22
HSPP166,2
HSPP166,22
HC70Y18EL,2
HC70Y18EL,22
HP60Y061L,2
HP60Y061L,22
HP60Y222E,2
HP60Y222E,22
HSPP161,2
HSPP161,22
HP60Y083U,2
HP60Y083U,22
HCF1D20HL,2
HCF1D20HL,22
HP60Y061G,2
HP60Y061G,22
HP60Y083E,2
HP60Y083E,22
HC70Y16EL,2
HC70Y16EL,22
HC70Y22EL,22
HCF2P21HL,2
HCF2P21HL,22
HCF1P20HL,2
HCF1P20HL,22
HCF2D21HL,2
HCF2D21HL,22
HCF1D20LL,2
HCF1D20LL,22
HCF2P31HL,2
HCF2P31HL,22
HCF2D31HL,2
HCF2D31HL,22
HCF2P21LL,2
HCF2P21LL,22
HCF1P20LL,2
HCF1P20LL,22
HCF2P31LL,2
HCF2P31LL,22
HCF1P10HL,2
HCF1P10HL,22
HCF1D05HL,2
HCF1D05HL,22
HCF1P10LL,2
HCF1P10LL,22
HCF2D21LL,2
HCF2D21LL,22
HCF1D05LL,2
HCF1D05LL,22
HCF2D31LL,2
HCF2D31LL,22
HP311621,221
HP60Y202L,221
HP60Y222U,221
HP901201,221
HP60Y202G,221
HP61Y18EL,221
HSPP166,221
HC70Y18EL,221
HP60Y061L,221
HP60Y222E,221
HSPP161,221
HP60Y083U,221
HCF1D20HL,221
HP60Y061G,221
HP60Y083E,221
HC70Y16EL,221
HC70Y22EL,221
HCF2P21HL,221
HCF1P20HL,221
HCF2D21HL,221
HCF1D20LL,221
HCF2P31HL,221
HCF2D31HL,221
HCF2P21LL,221
HCF1P20LL,221
HCF2P31LL,221
HCF1P10HL,221
HCF1D05HL,221
HCF1P10LL,221
HCF2D21LL,221
HCF1D05LL,221
HCF2D31LL,221
HCS763PF,2
HCS763PF,23
HCS783C,2
HCS783C,23
HCS4903,2
HCS4903,23
HCS762PF,2
HCS762PF,23
HCS763FN,2
HCS763FN,23
HCS5901,2
HCS5901,23
HCS704,2
HCS704,23
HCS763TFN,2
HCS763TFN,23
HCS783CF,2
HCS783CF,23
HCS714F,2
HCS714F,23
HCS710EC,2
HCS710EC,23
HCS713F,2
HCS713F,23
HCS783,2
HCS783,23
HCS6303,2
HCS6303,23
HCS8101,2
HCS8101,23
HCS762FN,2
HCS762FN,23
HCS664V,2
HCS664V,23
HCS5803,2
HCS5803,23
HCS714,2
HCS714,23
HCS713,2
HCS713,23
HCS934F,2
HCS934F,23
HCS7003N,2
HCS7003N,23
HCS4902,2
HCS4902,23
HCS710ECF,2
HCS710ECF,23
HCS783F,2
HCS783F,23
HCS8101F,2
HCS8101F,23
HCS7800B,2
HCS7800B,23
HCS714CR,2
HCS714CR,23
HCS663V,2
HCS663V,23
HCS762TFN,2
HCS762TFN,23
HCS782,2
HCS782,23
HCS714CL,2
HCS714CL,23
HCS883,2
HCS883,23
HCH9002,2
HCH9002,23
HCS584CR,2
HCS584CR,23
HCS7610BF,2
HCS7610BF,23
HCS584,2
HCS584,23
HCS704CL,2
HCS704CL,23
HCS714CRF,2
HCS714CRF,23
HCS782F,2
HCS782F,23
HCS774,2
HCS774,23
HCS7800BF,2
HCS7800BF,23
HCS5900,2
HCS5900,23
HCS6301,2
HCS6301,23
HCS5013,2
HCS5013,23
HCS8101N,2
HCS8101N,23
HCS504N,2
HCS504N,23
HCS933F,2
HCS933F,23
HCS714CLF,2
HCS714CLF,23
HCS504CL,2
HCS504CL,23
HCS884,2
HCS884,23
HCS898F,2
HCS898F,23
HCS704CR,2
HCS704CR,23
HCS888F,2
HCS888F,23
HCS883F,2
HCS883F,23
HCS884F,2
HCS884F,23
HCS878U,2
HCS878U,23
HCS584CL,2
HCS584CL,23
HCS504CR,2
HCS504CR,23
HCS7703,2
HCS7703,23
HCS894F,2
HCS894F,23
HCS888,2
HCS888,23
HCS4900,2
HCS4900,23
HCS4901,2
HCS4901,23
HCS874W,2
HCS874W,23
HPA300501,2
HPA300501,23
HCS878WF,2
HCS878WF,23
HCS834,2
HCS834,23
HCS7801Z,2
HCS7801Z,23
HCS763PLF,2
HCS763PLF,23
HCS853CL,2
HCS853CL,23
HCS878W,2
HCS878W,23
HCS753,2
HCS753,23
HCS8903F,2
HCS8903F,23
HCS5911,2
HCS5911,23
HCS7801ZF,2
HCS7801ZF,23
HCS853CR,2
HCS853CR,23
HCS7800C,2
HCS7800C,23
HCS762PLF,2
HCS762PLF,23
HCS7800CF,2
HCS7800CF,23
HCS5010C,2
HCS5010C,23
HCS5010B,2
HCS5010B,23
HCS874U,2
HCS874U,23
HCS8503,2
HCS8503,23
HCS7700,2
HCS7700,23
HCS753F,2
HCS753F,23
HCS874UF,2
HCS874UF,23
HCS878UF,2
HCS878UF,23
HCS874WF,2
HCS874WF,23
HCS873WF,2
HCS873WF,23
ISY30AK10A,2
ISY30AK10A,23
HCS873W,2
HCS873W,23
HCS8303,2
HCS8303,23
HCS5910,2
HCS5910,23
HCS870W,2
HCS870W,23
HCS873U,2
HCS873U,23
ISB0000A,2
ISB0000A,23
ISY20AK10A,2
ISY20AK10A,23
HCS870WF,2
HCS870WF,23
HCS8500H,2
HCS8500H,23
HCS8900F,2
HCS8900F,23
ISU0002A,2
ISU0002A,23
ISR20AK00A,2
ISR20AK00A,23
ISU0001A,2
ISU0001A,23
HCS873UF,2
HCS873UF,23
ISL20AK00A,2
ISL20AK00A,23
HCS9300F,2
HCS9300F,23
ISB0001A,2
ISB0001A,23
ISU0004A,2
ISU0004A,23
HCS870U,2
HCS870U,23
ILY30AK10A,2
ILY30AK10A,23
ISU0003A,2
ISU0003A,23
HCS811,2
HCS811,23
ISR20AJ00A,2
ISR20AJ00A,23
HCS870UF,2
HCS870UF,23
HCS8011F,2
HCS8011F,23
ILU0003A,2
ILU0003A,23
ILU0004A,2
ILU0004A,23
ILY20AK10A,2
ILY20AK10A,23
ISY10AJ00A,2
ISY10AJ00A,23
ISY10AJ01A,2
ISY10AJ01A,23
ISL20AJ00A,2
ISL20AJ00A,23
ILU0002A,2
ILU0002A,23
ISR20AJ01A,2
ISR20AJ01A,23
ILU0001A,2
ILU0001A,23
ILL20AK00A,2
ILL20AK00A,23
ILR20AK00A,2
ILR20AK00A,23
ISL20AJ01A,2
ISL20AJ01A,23
ISC00AJ00A,2
ISC00AJ00A,23
ISC00AJ01A,2
ISC00AJ01A,23
HCS763PF,231
HCS4903,231
HCS762PF,231
HCS763FN,231
HCS704,231
HCS763TFN,231
HCS714F,231
HCS713F,231
HCS783,231
HCS6303,231
HCS762FN,231
HCS5803,231
HCS714,231
HCS713,231
HCS934F,231
HCS7003N,231
HCS4902,231
HCS783F,231
HCS7800B,231
HCS762TFN,231
HCS782,231
HCS883,231
HCS584,231
HCS782F,231
HCS774,231
HCS7800BF,231
HCS5013,231
HCS504N,231
HCS933F,231
HCS884,231
HCS898F,231
HCS888F,231
HCS883F,231
HCS884F,231
HCS878U,231
HCS7703,231
HCS894F,231
HCS888,231
HCS874W,231
HCS878WF,231
HCS834,231
HCS763PLF,231
HCS878W,231
HCS753,231
HCS8903F,231
HCS762PLF,231
HCS874U,231
HCS8503,231
HCS753F,231
HCS874UF,231
HCS878UF,231
HCS874WF,231
HCS873WF,231
ISY30AK10A,231
HCS873W,231
HCS8303,231
HCS870W,231
HCS873U,231
ISB0000A,231
ISY20AK10A,231
HCS870WF,231
HCS873UF,231
ISR20AK00A,231
ISL20AK00A,231
ISB0001A,231
HCS870U,231
ILY30AK10A,231
ISR20AJ00A,231
HCS870UF,231
ILY20AK10A,231
ISL20AJ00A,231
ISR20AJ01A,231
ILL20AK00A,231
ILR20AK00A,231
ISL20AJ01A,231
HCS783C,232
HCS783CF,232
HCS710EC,232
HCS710ECF,232
HCS714CR,232
HCS714CL,232
HCS584CR,232
HCS704CL,232
HCS714CRF,232
HCS714CLF,232
HCS504CL,232
HCS704CR,232
HCS584CL,232
HCS504CR,232
HCS853CL,232
HCS853CR,232
ISU0002A,232
ISU0001A,232
ISU0004A,232
ISU0003A,232
ILU0003A,232
ILU0004A,232
ILU0002A,232
ILU0001A,232
HCS5901,233
HCS6301,233
HCS4901,233
HCS5911,233
ISY10AJ00A,233
ISY10AJ01A,233
HCS8101,234
HCS664V,234
HCS824V,2
HCS824V,23
HCS824V,234
HCS8101F,234
HCS663V,234
HCS8101N,234
HPA300501,234
HCS811,234
HCS8011F,234
HCH9002,235
HCS7610BF,235
HCS5900,235
HCS4900,235
HCS7801Z,235
HCS7801ZF,235
HCS7800C,235
HCS7800CF,235
HCS5010C,235
HCS5010B,235
HCS7700,235
HCS5910,235
HCS870W,235
HCS870WF,235
HCS8500H,235
HCS8900F,235
HCS9300F,235
HCS870U,235
HCS870UF,235
ISC00AJ00A,235
ISC00AJ01A,235
HSO146AN,5
HSO146AN,51
HSK124BSA,5
HSK124BSA,51
HSO145AN,5
HSO145AN,51
HSZ01,5
HSZ01,51
HSMD380F,5
HSMD380F,51
HSO126AN,5
HSO126AN,51
HSOD120N,5
HSOD120N,51
HSO146AMPN,5
HSO146AMPN,51
HSK124BA,5
HSK124BA,51
HSO123BN,5
HSO123BN,51
HSO143BN,5
HSO143BN,51
HSYD012H,5
HSYD012H,51
HSKA0000X,5
HSKA0000X,51
HSM127A,5
HSM127A,51
HSZ02,5
HSZ02,51
HSOD140,5
HSOD140,51
HSM147A,5
HSM147A,51
HSM145BE,5
HSM145BE,51
HSK126AA,5
HSK126AA,51
HSO125AMPN,5
HSO125AMPN,51
HSK144BAE,5
HSK144BAE,51
HSKA0002,5
HSKA0002,51
HSM147ASMP,5
HSM147ASMP,51
HSMD114,5
HSMD114,51
HSM145A,5
HSM145A,51
HSO145AMPN,5
HSO145AMPN,51
HLA0401,5
HLA0401,51
HSYD010H,5
HSYD010H,51
HSWD010,5
HSWD010,51
HSK124BBE,5
HSK124BBE,51
HGA0202,5
HGA0202,51
HSOD140TO,5
HSOD140TO,51
HSMD014,5
HSMD014,51
HSKA901N,5
HSKA901N,51
HSZD014C,5
HSZD014C,51
HSO124BN,5
HSO124BN,51
HSM165B,5
HSM165B,51
HSYD012L,5
HSYD012L,51
HSO125ATOR,5
HSO125ATOR,51
HSM125A,5
HSM125A,51
HSM145B,5
HSM145B,51
HSKA0302B,5
HSKA0302B,51
HSO125AN,5
HSO125AN,51
HSZ04,5
HSZ04,51
HSZD010C,5
HSZD010C,51
HSO146ATOR,5
HSO146ATOR,51
HSO144BN,5
HSO144BN,51
HSKA0302A,5
HSKA0302A,51
HSUA0100,5
HSUA0100,51
HSM125BE,5
HSM125BE,51
HSK121BS,5
HSK121BS,51
HSOD214,5
HSOD214,51
HSK126AB,5
HSK126AB,51
HSKD612,5
HSKD612,51
HSO126AMPN,5
HSO126AMPN,51
HSO146ATORC,5
HSO146ATORC,51
HSMD816E,5
HSMD816E,51
HAA0102,5
HAA0102,51
HL08N,5
HL08N,51
HL02N,5
HL02N,51
HSOD120TO,5
HSOD120TO,51
HSK124BAE,5
HSK124BAE,51
HSO126ATORC,5
HSO126ATORC,51
HSKA0904,5
HSKA0904,51
HSMD814E,5
HSMD814E,51
HSO145ATOR,5
HSO145ATOR,51
HSOD410N,5
HSOD410N,51
HSZ03,5
HSZ03,51
HSMA0001,5
HSMA0001,51
HSK124BSB,5
HSK124BSB,51
HSK144BA,5
HSK144BA,51
HSZD014,5
HSZD014,51
HSM125B,5
HSM125B,51
HSOD212,5
HSOD212,51
HAA0601,5
HAA0601,51
HSZD010,5
HSZD010,51
HSK144BBE,5
HSK144BBE,51
HSK126ABE,5
HSK126ABE,51
HSO145ATORC,5
HSO145ATORC,51
HSO126ATOR,5
HSO126ATOR,51
HSOD114,5
HSOD114,51
HSK144BSA,5
HSK144BSA,51
HSK121B,5
HSK121B,51
HSOD112,5
HSOD112,51
HSO125ATORC,5
HSO125ATORC,51
HSMD812E,5
HSMD812E,51
HSKD014ER,5
HSKD014ER,51
HLD012,5
HLD012,51
HSMD814,5
HSMD814,51
HSK144BB,5
HSK144BB,51
HSK146AB,5
HSK146AB,51
HSK124BB,5
HSK124BB,51
HCA0918,5
HCA0918,51
HSZF014,5
HSZF014,51
HSK144BSB,5
HSK144BSB,51
HSK126ASM,5
HSK126ASM,51
HSK146AA,5
HSK146AA,51
HSK146ABE,5
HSK146ABE,51
HSK126AAE,5
HSK126AAE,51
HSK141BS,5
HSK141BS,51
HSKD012ER,5
HSKD012ER,51
HSMD812,5
HSMD812,51
HSK146AAE,5
HSK146AAE,51
HSZF010,5
HSZF010,51
HSK121BE,5
HSK121BE,51
HSKD012R,5
HSKD012R,51
HSKD512F,5
HSKD512F,51
HSKD014R,5
HSKD014R,51
HSAA3101,5
HSAA3101,51
HSK141B,5
HSK141B,51
HSK141BE,5
HSK141BE,51
HSKD512E,5
HSKD512E,51
HSKD514F,5
HSKD514F,51
HSAA3060,5
HSAA3060,51
HSKD512,5
HSKD512,51
HSKD514E,5
HSKD514E,51
HSKD514,5
HSKD514,51
HSKD612T,5
HSKD612T,51
HSKD420F,5
HSKD420F,51
HL10,5
HL10,51
HSKD420E,5
HSKD420E,51
HSKD420,5
HSKD420,51
HSO146AN,511
HSO145AN,511
HSZ01,511
HSO126AN,511
HSOD120N,511
HSK124BA,511
HSO123BN,511
HSO143BN,511
HSYD012H,511
HSM127A,511
HSZ02,511
HSOD140,511
HSM147A,511
HSM145BE,511
HSK126AA,511
HSK144BAE,511
HSM145A,511
HSYD010H,511
HSK124BBE,511
HSOD140TO,511
HSMD014,511
HSZD014C,511
HSO124BN,511
HSM165B,511
HSYD012L,511
HSO125ATOR,511
HSM125A,511
HSM145B,511
HSO125AN,511
HSZ04,511
HSZD010C,511
HSO146ATOR,511
HSO144BN,511
HSM125BE,511
HSK126AB,511
HSO146ATORC,511
HSMD816E,511
HL08N,511
HL02N,511
HSOD120TO,511
HSK124BAE,511
HSO126ATORC,511
HSMD814E,511
HSO145ATOR,511
HSOD410N,511
HSZ03,511
HSK144BA,511
HSZD014,511
HSM125B,511
HSZD010,511
HSK144BBE,511
HSK126ABE,511
HSO145ATORC,511
HSO126ATOR,511
HSOD114,511
HSK144BSA,511
HSK121B,511
HSOD112,511
HSO125ATORC,511
HSMD812E,511
HSKD014ER,511
HLD012,511
HSMD814,511
HSK144BB,511
HSK146AB,511
HSK124BB,511
HSK144BSB,511
HSK146AA,511
HSK146ABE,511
HSK126AAE,511
HSK141BS,511
HSKD012ER,511
HSMD812,511
HSK146AAE,511
HSK121BE,511
HSKD012R,511
HSKD014R,511
HSK141B,511
HSK141BE,511
HSKD512E,511
HSKD514F,511
HSKD512,511
HSKD514E,511
HSKD514,511
HSKD420F,511
HL10,511
HSKD420E,511
HSKD420,511
HSK124BSA,512
HSMD380F,512
HSO146AMPN,512
HSO125AMPN,512
HSM147ASMP,512
HSMD114,512
HSO145AMPN,512
HSWD010,512
HSK121BS,512
HSOD214,512
HSKD612,512
HSO126AMPN,512
HSK124BSB,512
HSOD212,512
HSK144BSA,512
HSK144BSB,512
HSK126ASM,512
HSK141BS,512
HSKD512F,512
HSKD514F,512
HSKD612T,512
HSKA0000X,513
HSKA0002,513
HLA0401,513
HGA0202,513
HSKA901N,513
HSKA0302B,513
HSKA0302A,513
HSUA0100,513
HAA0102,513
HSKA0904,513
HSMA0001,513
HAA0601,513
HCA0918,513
HSZF014,513
HSZF010,513
HSAA3101,513
HSAA3060,513
HSAA2027,5
HSAA2027,52
HSOC086,5
HSOC086,52
HSMC067ME,5
HSMC067ME,52
HSMC067E,5
HSMC067E,52
HSOC065,5
HSOC065,52
HSOC125DNA,5
HSOC125DNA,52
HSOC085N,5
HSOC085N,52
HSOP03,5
HSOP03,52
HSOC066,5
HSOC066,52
HSMC047E,5
HSMC047E,52
HSMC065E,5
HSMC065E,52
HSZC143,5
HSZC143,52
HSMC123,5
HSMC123,52
HSOP02,5
HSOP02,52
HSMC045E,5
HSMC045E,52
HSOC145DN,5
HSOC145DN,52
HSMC127D,5
HSMC127D,52
HSZC203,5
HSZC203,52
HSYC084,5
HSYC084,52
HSMA0001,52
HSKC086FR,5
HSKC086FR,52
HSOC085O,5
HSOC085O,52
HSYC124,5
HSYC124,52
HSOC146DN,5
HSOC146DN,52
HLC066,5
HLC066,52
HSMC125D,5
HSMC125D,52
HSOC126DNA,5
HSOC126DNA,52
HSMC145D,5
HSMC145D,52
HSYC126,5
HSYC126,52
HSOC086O,5
HSOC086O,52
HSMC147D,5
HSMC147D,52
HSOC146DOR,5
HSOC146DOR,52
HSAA0204R,5
HSAA0204R,52
HSYC086,5
HSYC086,52
HSZC142,5
HSZC142,52
HSOC145DOR,5
HSOC145DOR,52
HSOC125DOR,5
HSOC125DOR,52
HSAA0202R,5
HSAA0202R,52
HSOC126DOR,5
HSOC126DOR,52
HSZC202,5
HSZC202,52
HSAA0000,5
HSAA0000,52
HSKC066FR,5
HSKC066FR,52
HSOC086,521
HSMC067ME,521
HSMC067E,521
HSOC065,521
HSOC125DNA,521
HSOC085N,521
HSOP03,521
HSOC066,521
HSMC047E,521
HSMC065E,521
HSZC143,521
HSMC123,521
HSOP02,521
HSMC045E,521
HSOC145DN,521
HSMC127D,521
HSZC203,521
HSYC084,521
HSKC086FR,521
HSOC085O,521
HSYC124,521
HSOC146DN,521
HLC066,521
HSMC125D,521
HSOC126DNA,521
HSMC145D,521
HSYC126,521
HSOC086O,521
HSMC147D,521
HSOC146DOR,521
HSYC086,521
HSZC142,521
HSOC145DOR,521
HSOC125DOR,521
HSOC126DOR,521
HSZC202,521
HSKC066FR,521
HSAA2027,522
HSMA0001,522
HSAA0204R,522
HSAA0202R,522
HSAA0000,522
HSAA2027,53
HSCC713M,5
HSCC713M,53
HSOP313RA,5
HSOP313RA,53
HSKA041,5
HSKA041,53
HSMP0303,5
HSMP0303,53
HSMC02,5
HSMC02,53
HSOP03,53
HSOA040,5
HSOA040,53
HSCC713,5
HSCC713,53
HSYA0006,5
HSYA0006,53
HSMC01,5
HSMC01,53
HSCC712M,5
HSCC712M,53
HSLC7083NA,5
HSLC7083NA,53
HSKA040,5
HSKA040,53
HSOP02,53
HSOC066M,5
HSOC066M,53
HSMC7063,5
HSMC7063,53
HSOC065M,5
HSOC065M,53
HSOP063,5
HSOP063,53
HSYP0303,5
HSYP0303,53
HSOP084,5
HSOP084,53
HSCC712,5
HSCC712,53
HSOP313O,5
HSOP313O,53
HL09,5
HL09,53
HSKC02R,5
HSKC02R,53
IFM0001A,5
IFM0001A,53
HLP0243RN,5
HLP0243RN,53
IFM0000A,5
IFM0000A,53
IFI0008A,5
IFI0008A,53
IFL0000A,5
IFL0000A,53
HXZW0001,5
HXZW0001,53
HAP030E,5
HAP030E,53
IFW0013A,5
IFW0013A,53
IFW0016A,5
IFW0016A,53
HSMC7085R,5
HSMC7085R,53
IFW0019A,5
IFW0019A,53
IFW0018A,5
IFW0018A,53
IFW0015A,5
IFW0015A,53
IFW0012A,5
IFW0012A,53
IFW0001A,5
IFW0001A,53
IFW0000A,5
IFW0000A,53
IFW0007A,5
IFW0007A,53
IFW0010A,5
IFW0010A,53
IFW0006A,5
IFW0006A,53
IFW0014A,5
IFW0014A,53
IFI0003A,5
IFI0003A,53
IFW0020A,5
IFW0020A,53
IFI0000A,5
IFI0000A,53
IFW0009A,5
IFW0009A,53
IFI0002A,5
IFI0002A,53
IFW0017A,5
IFW0017A,53
IFW0002A,5
IFW0002A,53
HSKP0313,5
HSKP0313,53
IFW0004A,5
IFW0004A,53
IFW0003A,5
IFW0003A,53
IFI0004A,5
IFI0004A,53
IFI0005A,5
IFI0005A,53
IFW0008A,5
IFW0008A,53
IFI0001A,5
IFI0001A,53
IFW0011A,5
IFW0011A,53
IFI0006A,5
IFI0006A,53
IFW0005A,5
IFW0005A,53
IFI0007A,5
IFI0007A,53
HSOP064OR,5
HSOP064OR,53
HSKC7185,5
HSKC7185,53
HSKC7163,5
HSKC7163,53
HSOP313RA,531
HSMP0303,531
HSMC02,531
HSMC01,531
HSLC7083NA,531
HSKC7063N,5
HSKC7063N,53
HSKC7063N,531
HSMC7063,531
HSOP063,531
HSYP0303,531
HSOP084,531
HSOP313O,531
HL09,531
HLP0243RN,531
HSMC7085R,531
HSKP0313,531
HSOP064OR,531
HSKC7185,531
HSKC7163,531
HSCC713M,532
HSKA041,532
HSOA040,532
HSCC713,532
HSCC712M,532
HSKA040,532
HSCC712,532
IFM0001A,532
IFM0000A,532
IFI0008A,532
IFL0000A,532
HAP030E,532
IFW0013A,532
IFW0016A,532
IFW0019A,532
IFW0018A,532
IFW0012A,532
IFW0015A,532
IFW0001A,532
IFW0000A,532
IFW0007A,532
IFW0010A,532
IFW0006A,532
IFW0014A,532
IFI0003A,532
IFW0020A,532
IFI0000A,532
IFW0009A,532
IFI0002A,532
IFW0017A,532
IFW0002A,532
IFW0004A,532
IFW0003A,532
IFI0004A,532
IFI0005A,532
IFW0008A,532
IFI0001A,532
IFW0011A,532
IFI0006A,532
IFW0005A,532
IFI0007A,532
HSKA041,533
HSMC02,533
HSOP03,533
HSOA040,533
HSMC01,533
HSKA040,533
HSOP02,533
HSKC02R,533
HXZW0001,533
HD910841,15
HSYA0006,15
HD900811,15
HDA200801,15
HPA101203,15
HD571832,15
HDA500811,15
HDA100801,15
HA72R10EU,15
HPA101202,15
HU00R01EL,15
HA72S00EEA,15
HD58Y103EL,15
HCH1007,15
HU00R00EL,15
HPA101201,15
HD21Y050L,15
HA72R10AU,15
HCH1003N,15
HD701013N,15
HA20S04EEF,15
HCH1003,15
HDA510811,1
HDA510811,15
HDB1E10LE,15
HDB1E08HE,15
HPB1E08AE,15
HPB1E08CE,15
HPB1E08BE,15
HD910841,151
HSYA0006,151
HD900811,151
HDA200801,151
HPA101203,151
HD571832,151
HDA500811,151
HDA100801,151
HPA101202,151
HD58Y103EL,151
HPA101201,151
HD21Y050L,151
HD701013N,151
HDA510811,151
HDB1E10LE,151
HDB1E08HE,151
HPB1E08AE,151
HPB1E08CE,151
HPB1E08BE,151
HA72S00EEA,152
HCH1007,152
HCH1003N,152
HA20S04EEF,152
HCH1003,152
HA72R10EU,153
HU00R01EL,153
HU00R00EL,153
HA72R10AU,153
HPEC126F,2
HPEC126F,24
HPEC126,2
HPEC126,24
HSFC086NA,2
HSFC086NA,24
HC60Y161,2
HC60Y161,24
HC50Y18EL,2
HC50Y18EL,24
HC50Y12M,2
HC50Y12M,24
HSFC066NA,2
HSFC066NA,24
HSPC084,2
HSPC084,24
HSVA0001,2
HSVA0001,24
HC50Y12EL,2
HC50Y12EL,24
HSFC084N,2
HSFC084N,24
HSFC083N,2
HSFC083N,24
HSFC063N,2
HSFC063N,24
HSFC064N,2
HSFC064N,24
HSPC184,2
HSPC184,24
HC60Y101HG,2
HC60Y101HG,24
HSPC286,2
HSPC286,24
HSFC082N,2
HSFC082N,24
HSFC182N,2
HSFC182N,24
HSPC1000P,2
HSPC1000P,24
HC50Y06ML,2
HC50Y06ML,24
HSPA0001,2
HSPA0001,24
HSFC162N,2
HSFC162N,24
HSPC164,2
HSPC164,24
HSFC062N,2
HSFC062N,24
HSPC086,2
HSPC086,24
HSPC486,2
HSPC486,24
HC70Y18EL,24
HSFA0061N,2
HSFA0061N,24
HSFC046N,2
HSFC046N,24
HSPC124,2
HSPC124,24
HSPC064,2
HSPC064,24
HSPC186,2
HSPC186,24
HSPC266,2
HSPC266,24
HC400611,2
HC400611,24
HSPC284,2
HSPC284,24
HSFA1061N,2
HSFA1061N,24
HSFC044N,2
HSFC044N,24
HSPC066,2
HSPC066,24
HSPC264,2
HSPC264,24
HC400612,2
HC400612,24
HSPC166,2
HSPC166,24
HSPC586,2
HSPC586,24
HC80Y12EEL,2
HC80Y12EEL,24
HC403001,2
HC403001,24
HSPC566,2
HSPC566,24
HC70Y09EL,2
HC70Y09EL,24
HC80Y04EEW,2
HC80Y04EEW,24
HC401801,2
HC401801,24
HSFC124,2
HSFC124,24
HC400623,2
HC400623,24
HC402411,2
HC402411,24
HC402412,2
HC402412,24
HSFC122,2
HSFC122,24
HC400613,2
HC400613,24
HC70H04EEF,2
HC70H04EEF,24
HC400602,2
HC400602,24
HC400603,2
HC400603,24
HC400601,2
HC400601,24
HSFA161,2
HSFA161,24
HPEC126F,241
HPEC126,241
HSFC086NA,241
HC50Y18EL,241
HC50Y12M,241
HSFC066NA,241
HSPC084,241
HC50Y12EL,241
HSFC084N,241
HSFC083N,241
HSFC063N,241
HSFC064N,241
HSPC184,241
HSPC286,241
HSFC082N,241
HSFC182N,241
HC50Y06ML,241
HSFC162N,241
HSPC164,241
HSFC062N,241
HSPC086,241
HSPC486,241
HSFC046N,241
HSPC124,241
HSPC064,241
HSPC186,241
HSPC266,241
HC400611,241
HSPC284,241
HSFC044N,241
HSPC066,241
HSPC264,241
HC400612,241
HSPC166,241
HSPC586,241
HC80Y12EEL,241
HC403001,241
HSPC566,241
HC70Y09EL,241
HC80Y04EEW,241
HC401801,241
HSFC124,241
HC400623,241
HC402411,241
HC402412,241
HSFC122,241
HC400613,241
HC400602,241
HC400603,241
HC400601,241
HC60Y161,242
HC60Y101HG,242
HC70Y18EL,242
HSVA0001,244
HSPC1000P,244
HSPA0001,244
HSFA0061N,244
HSFA1061N,244
HC70H04EEF,244
HSFA161,244
HSVA004,2
HSVA004,25
HSQE03,4
HSQE03,41
HSQE02,4
HSQE02,41
HSLE01N,4
HSLE01N,41
HSLE110N,4
HSLE110N,41
HSTE011,4
HSTE011,41
HSLE02N,4
HSLE02N,41
HSQE01,4
HSQE01,41
HSQE010,4
HSQE010,41
HSTE111,4
HSTE111,41
HSQE05,4
HSQE05,41
HSQA0004,4
HSQA0004,41
HSAE02RA,4
HSAE02RA,41
HSQE110,4
HSQE110,41
HA40E09EEF,4
HA40E09EEF,41
HSQA450,4
HSQA450,41
HSQA0005,4
HSQA0005,41
HM50S10ECE,4
HM50S10ECE,41
HSQE017GL,4
HSQE017GL,41
HSLE001PN,4
HSLE001PN,41
HSRE08SS,4
HSRE08SS,41
HA40E11EEF,4
HA40E11EEF,41
HSTE0011C,4
HSTE0011C,41
HSQA0002,4
HSQA0002,41
HSQE013GL,4
HSQE013GL,41
HM50S11ECE,4
HM50S11ECE,41
HSQE02P,4
HSQE02P,41
HSRE110G,4
HSRE110G,41
HSAE02LA,4
HSAE02LA,41
HSAE03,4
HSAE03,41
HSRE04SS,4
HSRE04SS,41
HSAE01LA,4
HSAE01LA,41
HSRE01SS,4
HSRE01SS,41
HSQE01P,4
HSQE01P,41
HSAE01RA,4
HSAE01RA,41
HSAE02R,4
HSAE02R,41
IBF0001A,4
IBF0001A,41
HSAE001P,4
HSAE001P,41
HSRE06SS,4
HSRE06SS,41
HSAE02L,4
HSAE02L,41
HSRE03SS,4
HSRE03SS,41
HSAE01R,4
HSAE01R,41
HA11M11EAE,4
HA11M11EAE,41
HSRE02SS,4
HSRE02SS,41
HSRE05SS,4
HSRE05SS,41
HSAE01L,4
HSAE01L,41
HSRE07SS,4
HSRE07SS,41
IBF0002A,4
IBF0002A,41
HSRE111G,4
HSRE111G,41
IBF0000A,4
IBF0000A,41
HSRE011G,4
HSRE011G,41
HMSL10ECEN,4
HMSL10ECEN,41
IMS11AC02A,4
IMS11AC02A,41
IMS10AC02A,4
IMS10AC02A,41
IMP11AA00A,4
IMP11AA00A,41
IMP10AA00A,4
IMP10AA00A,41
HSQE03,411
HSQE02,411
HSLE01N,411
HSLE110N,411
HSTE011,411
HSLE02N,411
HSQE01,411
HSQE010,411
HSTE111,411
HSQE05,411
HSAE02RA,411
HSRE08SS,411
HSQE02P,411
HSAE02LA,411
HSAE03,411
HSRE04SS,411
HSAE01LA,411
HSRE01SS,411
HSQE01P,411
HSAE01RA,411
HSAE02R,411
IBF0001A,411
HSAE001P,411
HSRE06SS,411
HSAE02L,411
HSRE03SS,411
HSAE01R,411
HSRE02SS,411
HSRE05SS,411
HSAE01L,411
HSRE07SS,411
IBF0002A,411
IBF0000A,411
HA40E09EEF,412
HM50S10ECE,412
HA40E11EEF,412
HM50S11ECE,412
HA11M11EAE,412
HMSL10ECEN,412
IMS11AC02A,412
IMS10AC02A,412
IMP11AA00A,412
IMP10AA00A,412
HSQA0004,413
HSQE110,413
HSQA450,413
HSQA0005,413
HSQE017GL,413
HSLE001PN,413
HSTE0011C,413
HSQA0002,413
HSQE013GL,413
HSRE110G,413
HSAE001P,413
HSRE111G,413
HSRE011G,413
HSLD112H,4
HSLD112H,42
HSLD108,4
HSLD108,42
HSLD112AH,4
HSLD112AH,42
HSWD010,4
HSWD010,42
HSWD2007,4
HSWD2007,42
HSWD0007,4
HSWD0007,42
HSLD108BH,4
HSLD108BH,42
HSWD1007,4
HSWD1007,42
HSLD112H,421
HSLD108,421
HSLD112AH,421
HSWD010,421
HSWD2007,421
HSWD0007,421
HSLD108BH,421
HSWD1007,421
HSFS123,4
HSFS123,43
HSFS080,4
HSFS080,43
HSFS090,4
HSFS090,43
HSFC123,4
HSFC123,43
HSFP143,4
HSFP143,43
HSLC580N,4
HSLC580N,43
HSFM143,4
HSFM143,43
HSFA062,4
HSFA062,43
HSFS103,4
HSFS103,43
HSFC083C,4
HSFC083C,43
HSFP093,4
HSFP093,43
HSLA151N,4
HSLA151N,43
HSFP191,4
HSFP191,43
HSFM093,4
HSFM093,43
HSLA563,4
HSLA563,43
HSFC581,4
HSFC581,43
HSFS113,4
HSFS113,43
HSFA162,4
HSFA162,43
HSFM096,4
HSFM096,43
HSLC7083NA,4
HSLC7083NA,43
HSFC582,4
HSFC582,43
HSLC064N,4
HSLC064N,43
HCS4400S,4
HCS4400S,43
HSFC580,4
HSFC580,43
HSLA0040H,4
HSLA0040H,43
HSLC581,4
HSLC581,43
HSFC8083,4
HSFC8083,43
HSLC064EN,4
HSLC064EN,43
HSLA0041,4
HSLA0041,43
HSLA0050,4
HSLA0050,43
HSLC051W,4
HSLC051W,43
HSRP0303,4
HSRP0303,43
HSFP0060,4
HSFP0060,43
HSLA0040L,4
HSLA0040L,43
HSLA0051,4
HSLA0051,43
HSFS0060,4
HSFS0060,43
HSQS010,4
HSQS010,43
HSQC090,4
HSQC090,43
HSQM095,4
HSQM095,43
HSQP095,4
HSQP095,43
IPK0001A,4
IPK0001A,43
ICS0000A,4
ICS0000A,43
IPK0002A,4
IPK0002A,43
IPP80AP00A,4
IPP80AP00A,43
ICB0000A,4
ICB0000A,43
HSFP143,431
HSFC083C,431
HSFP093,431
HSFP191,431
HSLA563,431
HSFA162,431
HSLC7083NA,431
HSLA0040H,431
HSFC8083,431
HSLA0041,431
HSLA0050,431
HSLC051W,431
HSRP0303,431
HSFP0060,431
HSLA0040L,431
HSLA0051,431
HSQM095,431
HSQP095,431
IPK0001A,431
ICS0000A,431
IPK0002A,431
IPP80AP00A,431
HSFS123,432
HSFC123,432
HSFM143,432
HSFA062,432
HSFS103,432
HSFM093,432
HSFM096,432
HSLC064N,432
HSLC064EN,432
HSFS0060,432
HSQS010,432
HSQC090,432
HSQM095,432
ICS0000A,432
ICB0000A,432
HSLC580N,433
HSFC581,433
HSFS113,433
HSFC582,433
HSFC580,433
HSLC581,433
IPK0001A,433
IPK0002A,433
HSLA151N,434
HCS4400S,434
HSZ01,6
HSZ01,61
HSVD015,6
HSVD015,61
HSZ02,6
HSZ02,61
HSMD018,6
HSMD018,61
HSUD014P,6
HSUD014P,61
HSKA0002,6
HSKA0002,61
HSM147ASMP,6
HSM147ASMP,61
HSMD114,6
HSMD114,61
HSUD018T,6
HSUD018T,61
HSYD010H,6
HSYD010H,61
HGA0202,6
HGA0202,61
HSMD014,6
HSMD014,61
HSZD014C,6
HSZD014C,61
HSPD140,6
HSPD140,61
HSYD012L,6
HSYD012L,61
HSMD410C,6
HSMD410C,61
HSZ04,6
HSZ04,61
HSPD120,6
HSPD120,61
HSZD010C,6
HSZD010C,61
HPED112,6
HPED112,61
HSUA0100,6
HSUA0100,61
HSMD816E,6
HSMD816E,61
HSUD018,6
HSUD018,61
HPED014P,6
HPED014P,61
HSMD814E,6
HSMD814E,61
HSZ03,6
HSZ03,61
HSUD012,6
HSUD012,61
HSMA0001,6
HSMA0001,61
HSZD014,6
HSZD014,61
HSZD010,6
HSZD010,61
HSMD816,6
HSMD816,61
HSJD012HP,6
HSJD012HP,61
HSGD122,6
HSGD122,61
HPED012,6
HPED012,61
HSMD814,6
HSMD814,61
HSGD082,6
HSGD082,61
HSGD120,6
HSGD120,61
HSGD080,6
HSGD080,61
HSGD123,6
HSGD123,61
HSGD123P,6
HSGD123P,61
HSG120HP,6
HSG120HP,61
HSJD012,6
HSJD012,61
HSGD160P,6
HSGD160P,61
HSGD083,6
HSGD083,61
HSAA3101,6
HSAA3101,61
HSGA0006,6
HSGA0006,61
HSAA3060,6
HSAA3060,61
HSGA0005,6
HSGA0005,61
HSGD120C,6
HSGD120C,61
HSG01A,6
HSG01A,61
HSG120H,6
HSG120H,61
HSGD080E,6
HSGD080E,61
HSG160HP,6
HSG160HP,61
HSGA010,6
HSGA010,61
HSGD160CA,6
HSGD160CA,61
HSGD120P,6
HSGD120P,61
HSGD240P,6
HSGD240P,61
HSGD163P,6
HSGD163P,61
HSGD160C,6
HSGD160C,61
HSGD120E,6
HSGD120E,61
HSGA0004,6
HSGA0004,61
HSGA0001,6
HSGA0001,61
HSGA0003,6
HSGA0003,61
HSGD120CA,6
HSGD120CA,61
HSGA0002,6
HSGA0002,61
HSGD162P,6
HSGD162P,61
HSGD122P,6
HSGD122P,61
HSGD163C,6
HSGD163C,61
HSGD162C,6
HSGD162C,61
HSGD122C,6
HSGD122C,61
HSGD123C,6
HSGD123C,61
HSZ01,611
HSVD015,611
HSZ02,611
HSMD018,611
HSUD014P,611
HSUD018T,611
HSYD010H,611
HSMD014,611
HSZD014C,611
HSPD140,611
HSYD012L,611
HSMD410C,611
HSZ04,611
HSPD120,611
HSZD010C,611
HPED112,611
HSMD816E,611
HSUD018,611
HPED014P,611
HSMD814E,611
HSZ03,611
HSUD012,611
HSZD014,611
HSZD010,611
HSMD816,611
HSJD012HP,611
HSGD122,611
HPED012,611
HSMD814,611
HSGD082,611
HSGD120,611
HSGD080,611
HSGD123,611
HSGD123P,611
HSG120HP,611
HSJD012,611
HSGD160P,611
HSGD083,611
HSGD120C,611
HSG01A,611
HSG120H,611
HSGD080E,611
HSG160HP,611
HSGD160CA,611
HSGD120P,611
HSGD240P,611
HSGD163P,611
HSGD160C,611
HSGD120E,611
HSGD120CA,611
HSGD162P,611
HSGD122P,611
HSGD163C,611
HSGD162C,611
HSGD122C,611
HSGD123C,611
HSM147ASMP,612
HSMD114,612
HSKA0002,613
HGA0202,613
HSUA0100,613
HSMA0001,613
HSAA3101,613
HSGA0006,613
HSAA3060,613
HSGA0005,613
HSGA010,613
HSGA0004,613
HSGA0001,613
HSGA0003,613
HSGA0002,613
HPEC126F,6
HPEC126F,62
HSMC067E,6
HSMC067E,62
HPEC126,6
HPEC126,62
HSFC086NA,6
HSFC086NA,62
HSMC047E,6
HSMC047E,62
HSMC065E,6
HSMC065E,62
HSFC066NA,6
HSFC066NA,62
HSPC084,6
HSPC084,62
HSZC143,6
HSZC143,62
HSVA0001,6
HSVA0001,62
HSFC084N,6
HSFC084N,62
HSFC083N,6
HSFC083N,62
HSFC063N,6
HSFC063N,62
HSMC045E,6
HSMC045E,62
HSFC064N,6
HSFC064N,62
HSPC184,6
HSPC184,62
HSPC286,6
HSPC286,62
HSZC203,6
HSZC203,62
HSYC084,6
HSYC084,62
HSFC082N,6
HSFC082N,62
HSFC182N,6
HSFC182N,62
HSPA0001,6
HSPA0001,62
HSFC162N,6
HSFC162N,62
HSPC164,6
HSPC164,62
HSYC124,6
HSYC124,62
HSFC062N,6
HSFC062N,62
HSPC086,6
HSPC086,62
HSFA0061N,6
HSFA0061N,62
HSFC046N,6
HSFC046N,62
HSPC064,6
HSPC064,62
HSPC186,6
HSPC186,62
HSPC266,6
HSPC266,62
HSYC126,6
HSYC126,62
HSPC284,6
HSPC284,62
HSFA1061N,6
HSFA1061N,62
HSFC044N,6
HSFC044N,62
HSYC086,6
HSYC086,62
HSZC142,6
HSZC142,62
HSPC066,6
HSPC066,62
HSPC264,6
HSPC264,62
HSPC166,6
HSPC166,62
HSZC202,6
HSZC202,62
HSJC0103,6
HSJC0103,62
HSJC0063,6
HSJC0063,62
HSFC124,6
HSFC124,62
HSFC122,6
HSFC122,62
HSYB082,6
HSYB082,62
HSYB042,6
HSYB042,62
HPEC126F,621
HSMC067E,621
HPEC126,621
HSFC086NA,621
HSMC047E,621
HSMC065E,621
HSFC066NA,621
HSPC084,621
HSZC143,621
HSFC084N,621
HSFC083N,621
HSFC063N,621
HSMC045E,621
HSFC064N,621
HSPC184,621
HSPC286,621
HSZC203,621
HSYC084,621
HSFC082N,621
HSFC182N,621
HSFC162N,621
HSPC164,621
HSYC124,621
HSFC062N,621
HSPC086,621
HSFC046N,621
HSPC064,621
HSPC186,621
HSPC266,621
HSYC126,621
HSPC284,621
HSFC044N,621
HSYC086,621
HSZC142,621
HSPC066,621
HSPC264,621
HSPC166,621
HSZC202,621
HSJC0103,621
HSJC0063,621
HSFC124,621
HSFC122,621
HSVA0001,622
HSPA0001,622
HSFA0061N,622
HSFA1061N,622
HSYB082,622
HSYB042,622
HSMP0303,6
HSMP0303,63
HSVP042,6
HSVP042,63
HSMP1303,6
HSMP1303,63
HSJC0103,63
HSGP0303,6
HSGP0303,63
HSJC0063,63
HSMP0303,631
HSVP042,631
HSMP1303,631
HSGP0303,631
HSNA1010,4
HSNA1010,45
HSLA380N,4
HSLA380N,45
HSBA0006,4
HSBA0006,45
HSTE0011C,45
HSAE001P,45
HSFS090,44
HCS4006A,4
HCS4006A,44
HCH2711A,4
HCH2711A,44
HCH2000A,4
HCH2000A,44
HCS4003A,4
HCS4003A,44
HCH2200A,4
HCH2200A,44
HCH271A,4
HCH271A,44
HCS4007A,4
HCS4007A,44
HCS4018A,4
HCS4018A,44
HCS4017A,4
HCS4017A,44
HCS4016A,4
HCS4016A,44
HVCS4002A,4
HVCS4002A,44
HCS4019A,4
HCS4019A,44
HVCS4001A,4
HVCS4001A,44
HCS4020A,4
HCS4020A,44
HSFS090,441
HCS4006A,441
HCS4003A,441
HCS4007A,441
HCS4018A,441
HCS4017A,441
HCS4016A,441
HVCS4002A,441
HCS4019A,441
HVCS4001A,441
HCS4020A,441
HCH2711A,442
HCH2000A,442
HCH2200A,442
HCH271A,442
HSSE290L,5
HSSE290L,55
HSSE270,5
HSSE270,55
HA42E03EL,5
HA42E03EL,55
HSSE270E,5
HSSE270E,55
HSSE280P,5
HSSE280P,55
HSSE250LP,5
HSSE250LP,55
HSSE290F,5
HSSE290F,55
HSSE280,5
HSSE280,55
HSE151HFN,5
HSE151HFN,55
HSTE111,5
HSTE111,55
HSSE260,5
HSSE260,55
HSSE0000F,5
HSSE0000F,55
HSSE170,5
HSSE170,55
HSSE250LN,5
HSSE250LN,55
HA40E09EEF,5
HA40E09EEF,55
HSSE180,5
HSSE180,55
HSSE250LEN,5
HSSE250LEN,55
HSSE250FP,5
HSSE250FP,55
HM30S11EBE,5
HM30S11EBE,55
HA40E11EEF,5
HA40E11EEF,55
HSSE250FN,5
HSSE250FN,55
HSKF0010N,5
HSKF0010N,55
HSSE280PM,5
HSSE280PM,55
HA51M11EAE,5
HA51M11EAE,55
HA51M11EBE,5
HA51M11EBE,55
HSSE2000F,5
HSSE2000F,55
HSSE250FEN,5
HSSE250FEN,55
HA51M12EAE,5
HA51M12EAE,55
HSSE250LM,5
HSSE250LM,55
IBM0001A,5
IBM0001A,55
IBA0000A,5
IBA0000A,55
IMS11AB01A,5
IMS11AB01A,55
IMS11AB00A,5
IMS11AB00A,55
IMP11AA00A,5
IMP11AA00A,55
HSSE270,551
HSSE270E,551
HSSE280,551
HSE151HFN,551
HSSE170,551
HSSE180,551
HSSE280PM,551
HSSE280P,552
HSSE280,552
HSTE111,552
HSSE260,552
HSSE290L,553
HSSE250LP,553
HSSE290F,553
HSSE250LN,553
HSSE250LEN,553
HSSE250FP,553
HSSE250FN,553
HSSE250FEN,553
HSSE250LM,553
IBM0001A,553
HM30S11EBE,554
HA40E11EEF,554
HA51M11EAE,554
HA51M11EBE,554
HA51M12EAE,554
IMS11AB01A,554
IMS11AB00A,554
IMP11AA00A,554
HA42E03EL,555
HSSE0000F,555
HSKF0010N,555
HSSE2000F,555
IBA0000A,555
HSKA0000X,54
HCX0001BA,5
HCX0001BA,54
HCX0001RB,5
HCX0001RB,54
HCH290WS,5
HCH290WS,54
HCH380F,5
HCH380F,54
HCH1008,5
HCH1008,54
HCH290WF,5
HCH290WF,54
HCH1008W,5
HCH1008W,54
HCX0001RA,5
HCX0001RA,54
HCH0020,5
HCH0020,54
HCX0001BB,5
HCX0001BB,54
HCX0006R,5
HCX0006R,54
HCH380S,5
HCH380S,54
HCH290F,5
HCH290F,54
HCH0020W,5
HCH0020W,54
HCH290S,5
HCH290S,54
HXCH6000F,5
HXCH6000F,54
HVCH2810FC,5
HVCH2810FC,54
HVCH2810FSC,5
HVCH2810FSC,54
HVCH2810F,5
HVCH2810F,54
HVCH2810FS,5
HVCH2810FS,54
HCH290WS,541
HCH380F,541
HCH1008,541
HCH290WF,541
HCH1008W,541
HCH0020,541
HCH380S,541
HCH290F,541
HCH0020W,541
HCH290S,541
HXCH6000F,541
HVCH2810FC,541
HVCH2810FSC,541
HVCH2810F,541
HVCH2810FS,541
HCX0001BA,542
HCX0001RB,542
HCX0001RA,542
HCX0001BB,542
HCX0006R,542
HCH3501HL,6
HCH3501HL,64
HCH3510HL,6
HCH3510HL,64
HCH290WS,6
HCH290WS,64
HCH1008,6
HCH1008,64
HCH290WF,6
HCH290WF,64
HCH1008W,6
HCH1008W,64
HCH9002,6
HCH9002,64
HCH3800H,6
HCH3800H,64
HCH0020,6
HCH0020,64
HCH3700,6
HCH3700,64
HCH3600L,6
HCH3600L,64
HCH3800T,6
HCH3800T,64
HCH3510L,6
HCH3510L,64
HCH290F,6
HCH290F,64
HCH3501L,6
HCH3501L,64
HCH3510KHL,6
HCH3510KHL,64
HCH3501KHL,6
HCH3501KHL,64
HCH0020W,6
HCH0020W,64
HCH3510KL,6
HCH3510KL,64
HCH3501KL,6
HCH3501KL,64
HCH3501HL,641
HCH3510HL,641
HCH290WS,641
HCH290WF,641
HCH3800H,641
HCH3800T,641
HCH3510L,641
HCH290F,641
HCH3501L,641
HCH3510KHL,641
HCH3501KHL,641
HCH3510KL,641
HCH3501KL,641
HCH3700,643
HCH3600L,643
HCH1008,642
HCH1008W,642
HCH9002,642
HSVC126N,6
HSVC126N,65
HSVC086N,6
HSVC086N,65
HSVC124N,6
HSVC124N,65
HSVC084N,6
HSVC084N,65
HSVC126N,651
HSVC086N,651
HSVC124N,651
HSVC084N,651
HT50T18EL,3
HT50T18EL,31
HT70Y21EL,3
HT70Y21EL,31
HT40Y14EL,3
HT40Y14EL,31
HT30T14EL,3
HT30T14EL,31
HT70Y17EL,3
HT70Y17EL,31
HT30T16EL,3
HT30T16EL,31
HL13T19HL,3
HL13T19HL,31
HSUD018T,3
HSUD018T,31
HT40Y08EL,3
HT40Y08EL,31
HL12T16HL,3
HL12T16HL,31
HL13T10HL,3
HL13T10HL,31
HTUD1200H,3
HTUD1200H,31
HT90Y19HF,3
HT90Y19HF,31
HT90Y16EF,3
HT90Y16EF,31
HSUD014F,3
HSUD014F,31
HL13T19HF,3
HL13T19HF,31
HSUD018F,3
HSUD018F,31
HSUD014,3
HSUD014,31
HT11T14EEN,3
HT11T14EEN,31
HT90Y16EL,3
HT90Y16EL,31
HT71Y17EL,3
HT71Y17EL,31
HSUD012H,3
HSUD012H,31
HT11T13EL,3
HT11T13EL,31
HL13T16HF,3
HL13T16HF,31
HSUD014HF,3
HSUD014HF,31
HL12T14HL,3
HL12T14HL,31
HT13Y16EF,3
HT13Y16EF,31
HSUD014H,3
HSUD014H,31
HT90Y19EF,3
HT90Y19EF,31
HTUD1201H,3
HTUD1201H,31
HL13T14HF,3
HL13T14HF,31
HT71Y21EL,3
HT71Y21EL,31
HL12T08HL,3
HL12T08HL,31
HTF0E15EL,3
HTF0E15EL,31
HT13Y13EF,3
HT13Y13EF,31
HL13T10HF,3
HL13T10HF,31
HT00Y08LL,3
HT00Y08LL,31
HT00Y08EL,3
HT00Y08EL,31
HT00Y06LL,3
HT00Y06LL,31
HT00Y06EL,3
HT00Y06EL,31
HTF0E09EL,3
HTF0E09EL,31
HCH7100,3
HCH7100,31
HT50T18EL,311
HT70Y21EL,311
HT40Y14EL,311
HT30T14EL,311
HT70Y17EL,311
HT30T16EL,311
HL13T19HL,311
HSUD018T,311
HT40Y08EL,311
HL12T16HL,311
HL13T10HL,311
HTUD1200H,311
HT90Y19HF,311
HT90Y16EF,311
HSUD014F,311
HL13T19HF,311
HSUD018F,311
HSUD014,311
HT11T14EEN,311
HT90Y16EL,311
HT71Y17EL,311
HSUD012H,311
HT11T13EL,311
HL13T16HF,311
HSUD014HF,311
HL12T14HL,311
HT13Y16EF,311
HSUD014H,311
HT90Y19EF,311
HTUD1201H,311
HL13T14HF,311
HT71Y21EL,311
HL12T08HL,311
HTF0E15EL,311
HT13Y13EF,311
HL13T10HF,311
HT00Y08LL,311
HT00Y08EL,311
HT00Y06LL,311
HT00Y06EL,311
HT40Y11HL,3
HT40Y11HL,32
HT40E11HL,3
HT40E11HL,32
HT40Y06HL,3
HT40Y06HL,32
HC60Y161,3
HC60Y161,32
HT40E06HL,3
HT40E06HL,32
HT40Y11LL,3
HT40Y11LL,32
HT40E10HL,3
HT40E10HL,32
HC60Y083H,3
HC60Y083H,32
HT40Y10HL,3
HT40Y10HL,32
HC60Y061E,3
HC60Y061E,32
HC60Y101HG,3
HC60Y101HG,32
HC60Y083E,3
HC60Y083E,32
HT40Y06LL,3
HT40Y06LL,32
HT40U01EEE,3
HT40U01EEE,32
HT40Y10LL,3
HT40Y10LL,32
HA13Y068E,3
HA13Y068E,32
HC60Y082E,3
HC60Y082E,32
HCB1E10L,3
HCB1E10L,32
HC60Y082H,3
HC60Y082H,32
HT41Y10HL,3
HT41Y10HL,32
HC70Y18EL,3
HC70Y18EL,32
HCB2E10L,3
HCB2E10L,32
HCB1E90L,3
HCB1E90L,32
HCB1E95L,3
HCB1E95L,32
IKP0001A,3
IKP0001A,32
IKP0003A,3
IKP0003A,32
IKB0001A,3
IKB0001A,32
IKB0003A,3
IKB0003A,32
IKB0002A,3
IKB0002A,32
IKP0002A,3
IKP0002A,32
HT40Y11HL,321
HT40E11HL,321
HT40Y06HL,321
HC60Y161,321
HT40E06HL,321
HT40Y11LL,321
HT40E10HL,321
HC60Y083H,321
HT40Y10HL,321
HC60Y061E,321
HC60Y101HG,321
HC60Y083E,321
HT40Y06LL,321
HT40Y10LL,321
HA13Y068E,321
HC60Y082E,321
HCB1E10L,321
HC60Y082H,321
HT41Y10HL,321
HC70Y18EL,321
HCB2E10L,321
HCB1E90L,321
HCB1E95L,321
IKP0001A,321
IKP0003A,321
IKB0001A,321
IKB0003A,321
IKB0002A,321
IKP0002A,321
HT40U01EEE,322
HCH0018A,3
HCH0018A,33
HCH0018F,3
HCH0018F,33
HCH0014RP,3
HCH0014RP,33
HCH0014AN,3
HCH0014AN,33
HCH0009,3
HCH0009,33
HCH0014R,3
HCH0014R,33
HCH014B,3
HCH014B,33
HCH3001,3
HCH3001,33
HCH0014FN,3
HCH0014FN,33
HCH9002,3
HCH9002,33
HCH016B,3
HCH016B,33
HCH9001,3
HCH9001,33
HCH6000,3
HCH6000,33
HCH6001,3
HCH6001,33
HXCH0114F,3
HXCH0114F,33
HCH3001A,3
HCH3001A,33
HCH3001F,3
HCH3001F,33
HCH7100,33
HCH0018S,3
HCH0018S,33
