HB722501,0,HB722501_A441D,1096000,100
HB722501,0,HB722501_A4810,1096000,100
HB721103,0,HB721103_A441D,1056000,100
HB721103,0,HB721103_A4810,1056000,100
HSSE290L,0,HSSE290L_NCCGU,2090000,100
HB722502,0,HB722502_A441D,1167000,100
HB722502,0,HB722502_A4810,1167000,100
HB721003,0,HB721003_A441D,963000,100
HB721003,0,HB721003_A4810,963000,100
HB721501,0,HB721501_A441D,625000,100
HB721501,0,HB721501_A4810,625000,100
HB721101,0,HB721101_A441D,525000,100
HB721101,0,HB721101_A4810,525000,100
HB721102,0,HB721102_A441D,558000,100
HB721102,0,HB721102_A4810,558000,100
HB7215G,0,HB7215G_A441D,238000,100
HB7215G,0,HB7215G_A4810,238000,100
HB311403,0,HB311403_GYM,3210000,100
HB311403,0,HB311403_LD,3210000,100
HSSE290F,0,HSSE290F_NCCGU,1990000,100
HB721002,0,HB721002_A441D,498000,100
HB721002,0,HB721002_A4810,498000,100
HB721104,0,HB721104_A441D,962000,100
HB721104,0,HB721104_A4810,962000,100
HB911601,0,HB911601_FIVGY,885000,100
HB911601,0,HB911601_NCCGY,885000,100
HB721001,0,HB721001_A441D,465000,100
HB721001,0,HB721001_A4810,465000,100
HBA501501,0,HBA501501_SP,759000,100
HBA201801,0,HBA201801_CZ,899000,100
HA310611,0,HA310611_DIO,269000,100
HA310611,0,HA310611_LD,269000,100
HA310611,0,HA310611_NCC,269000,100
HA310611,0,HA310611_OS,269000,100
HB7211F,0,HB7211F_A441D,199000,100
HB7211F,0,HB7211F_A4810,199000,100
HB31H09ECN,0,HB31H09ECN_A481A,1594000,100
HB31H09ECN,0,HB31H09ECN_A481C,1594000,100
HBA201501,0,HBA201501_CZ,799000,100
HB911501,0,HB911501_FIVGY,799000,100
HB911501,0,HB911501_NCCGY,799000,100
HB7205G,0,HB7205G_A441D,117000,100
HB7205G,0,HB7205G_A4810,117000,100
HB7210G,0,HB7210G_A441D,166000,100
HB7210G,0,HB7210G_A4810,166000,100
HBA501102,0,HBA501102_SP,1719000,100
HB572201,0,HB572201_A480A,3599000,100
HB572201,0,HB572201_A481A,3599000,100
HBA501101,0,HBA501101_SP,629000,100
HBA201101,0,HBA201101_CZ,599000,100
HBA501601,0,HBA501601_SP,799000,100
HB221801,0,HB221801_L739,1599000,100
HB221801,0,HB221801_L741C,1599000,100
HB722602,0,HB722602_A441D,1227000,100
HB722602,0,HB722602_A4810,1227000,100
HB7210F,0,HB7210F_A441D,166000,100
HB7210F,0,HB7210F_A4810,166000,100
HB721004,0,HB721004_A441D,869000,100
HB721004,0,HB721004_A4810,869000,100
HSSE250LN,0,HSSE250LN_FIV,1602000,100
HSSE250LN,0,HSSE250LN_FIVLUW,1602000,100
HSSE250LN,0,HSSE250LN_GUDN,1602000,100
HSSE250LN,0,HSSE250LN_GUHY,1602000,100
HSSE250LN,0,HSSE250LN_NCC,1602000,100
HSSE250LN,0,HSSE250LN_OSDN,1602000,100
HSSE250LN,0,HSSE250LN_OSHY,1602000,100
HSSE250LN,0,HSSE250LN_OSLU,1602000,100
HA40E09EEF,0,HA40E09EEF_XX,30000,100
HB571605,0,HB571605_A480A,890000,100
HB571605,0,HB571605_A481A,890000,100
HB321601,0,HB321601_A482,999000,100
HB31F11EB,0,HB31F11EB_A481A,1572000,100
HB31F11EB,0,HB31F11EB_A481C,1572000,100
HB571105,0,HB571105_A480A,590000,100
HB571105,0,HB571105_A481A,590000,100
HB311302,0,HB311302_GYM,2230000,100
HB311302,0,HB311302_LD,2230000,100
HB7209F,0,HB7209F_A441D,159000,100
HB7209F,0,HB7209F_A4810,159000,100
HBA221801,0,HBA221801_CZ,499000,100
HM50S10ECE,0,HM50S10ECE_S5G2A,399000,100
HB722601,0,HB722601_A441D,1156000,100
HB722601,0,HB722601_A4810,1156000,100
HB311303,0,HB311303_GYM,2310000,100
HB311303,0,HB311303_LD,2310000,100
HB311402,0,HB311402_GYM,3130000,100
HB311402,0,HB311402_LD,3130000,100
HBA501801,0,HBA501801_SP,849000,100
HB571801,0,HB571801_A480A,3077000,100
HB571801,0,HB571801_A481A,3077000,100
HM30S11EBE,0,HM30S11EBE_S5M2,569000,100
HA40E11EEF,0,HA40E11EEF_XX,35000,100
HM20S15EBE,0,HM20S15EBE_S5M2,1290000,100
HBA221501,0,HBA221501_CZ,449000,100
HB221601,0,HB221601_L739,1454000,100
HB221601,0,HB221601_L741C,1454000,100
HB31H09EBN,0,HB31H09EBN_A481A,1354000,100
HB31H09EBN,0,HB31H09EBN_A481C,1354000,100
HM50S11ECE,0,HM50S11ECE_S5G2A,449000,100
HM40L09ECE,0,HM40L09ECE_S5G2A,900000,100
HA20C11EE,0,HA20C11EE_1M2,239000,100
HA40E15EEF,0,HA40E15EEF_XX,49000,100
HA51M11EAE,0,HA51M11EAE_XX,295000,100
HB311103,0,HB311103_GYM,1940000,100
HB311103,0,HB311103_LD,1940000,100
HBA221101,0,HBA221101_CZ,389000,100
HA51M10EAE,0,HA51M10EAE_XX,270000,100
HM10S18EB,0,HM10S18EB_S5M2,2190000,100
HB321102,0,HB321102_A482,630000,100
HB311102,0,HB311102_GYM,1860000,100
HB311102,0,HB311102_LD,1860000,100
HA51M11EBE,0,HA51M11EBE_XX,345000,100
HB31H15ED,0,HB31H15ED_A481A,1871000,100
HB31H15ED,0,HB31H15ED_A481C,1871000,100
HB321101,0,HB321101_A482,1957000,100
HA51M15EAE,0,HA51M15EAE_XX,390000,100
HBA112202,0,HBA112202_GYMGYM,849000,100
HBA112202,0,HBA112202_SE,849000,100
HM20S18ECE,0,HM20S18ECE_S5M2,1690000,100
HBA112201,0,HBA112201_GYMGYM,799000,100
HBA112201,0,HBA112201_SE,799000,100
HM40L11ECE,0,HM40L11ECE_S5G2A,1200000,100
HA51M10EBE,0,HA51M10EBE_XX,290000,100
HA51M15EBE,0,HA51M15EBE_XX,480000,100
HA40E10EEF,0,HA40E10EEF_XX,32000,100
HB31H09EE,0,HB31H09EE_A481A,1429000,100
HB31H09EE,0,HB31H09EE_A481C,1429000,100
HM20S11EBE,0,HM20S11EBE_S5M2,990000,100
HB31H09EF,0,HB31H09EF_A481A,1669000,100
HB31H09EF,0,HB31H09EF_A481C,1669000,100
HB31F11EE,0,HB31F11EE_A481A,1887000,100
HB31F11EE,0,HB31F11EE_A481C,1887000,100
HM10S18EC,0,HM10S18EC_S5M2,2190000,100
HM40F09EBE,0,HM40F09EBE_S5G2A,800000,100
HB31H15EB,0,HB31H15EB_A481A,1796000,100
HB31H15EB,0,HB31H15EB_A481C,1796000,100
HM10S18EA,0,HM10S18EA_S5M2,2190000,100
HB31F11EC,0,HB31F11EC_A481A,1812000,100
HB31F11EC,0,HB31F11EC_A481C,1812000,100
HM30S15EBE,0,HM30S15EBE_S5M2,749000,100
HBA3008S,0,HBA3008S_L741C,1899000,100
HM20S15ECE,0,HM20S15ECE_S5M2,1290000,100
HM40L15ECE,0,HM40L15ECE_S5G2A,1400000,100
HBA111101,0,HBA111101_GYMGYM,499000,100
HBA111101,0,HBA111101_SE,499000,100
HA51M12EAE,0,HA51M12EAE_XX,312000,100
HB31F11ED,0,HB31F11ED_A481A,1647000,100
HB31F11ED,0,HB31F11ED_A481C,1647000,100
HM20S16EBE,0,HM20S16EBE_S5M2,1490000,100
HBA111501,0,HBA111501_GYMGYM,599000,100
HBA111501,0,HBA111501_SE,599000,100
HA10C18EE,0,HA10C18EE_1M2,339000,100
IBG20AW00A,0,IBG20AW00A_A441D,185000,100
IBG20AW00A,0,IBG20AW00A_A4810,185000,100
HBA511801,0,HBA511801_UW,849000,100
HM10S15EA,0,HM10S15EA_S5M2,1790000,100
HM20S11ECE,0,HM20S11ECE_S5M2,990000,100
HM40F11EBE,0,HM40F11EBE_S5G2A,1000000,100
HM10S16EC,0,HM10S16EC_S5M2,1990000,100
HBA511601,0,HBA511601_UW,799000,100
HM10S15EB,0,HM10S15EB_S5M2,1790000,100
HM10S15EC,0,HM10S15EC_S5M2,1790000,100
HA20C15EE,0,HA20C15EE_1M2,269000,100
HA10C16EE,0,HA10C16EE_1M2,299000,100
HM10S16EB,0,HM10S16EB_S5M2,1990000,100
HBA511101,0,HBA511101_UW,629000,100
HM20S18EBE,0,HM20S18EBE_S5M2,1690000,100
HA10C15EE,0,HA10C15EE_1M2,269000,100
HM40F15EBE,0,HM40F15EBE_S5G2A,1200000,100
HBA511501,0,HBA511501_UW,759000,100
HM20S16ECE,0,HM20S16ECE_S5M2,1490000,100
HA20C16EE,0,HA20C16EE_1M2,299000,100
HA20C18EE,0,HA20C18EE_1M2,339000,100
HM10S16EA,0,HM10S16EA_S5M2,1990000,100
HSSE250LM,0,HSSE250LM_FIVGYM,1799000,100
HSSE250LM,0,HSSE250LM_GUDN,1799000,100
HSSE250LM,0,HSSE250LM_GUHY,1799000,100
HSSE250LM,0,HSSE250LM_GULU,1799000,100
HSSE250LM,0,HSSE250LM_NCCBGM,1799000,100
HSSE250LM,0,HSSE250LM_OSDN,1799000,100
HSSE250LM,0,HSSE250LM_OSLU,1799000,100
HBA3008P,0,HBA3008P_L734,2199000,100
IBM0001A,0,IBM0001A_GUNCC,1772000,100
HBA511102,0,HBA511102_UW,1719000,100
HA43E11EFN,0,HA43E11EFN_1E1,149000,100
HA43E11EFN,0,HA43E11EFN_1E2,149000,100
HA43E09EFN,0,HA43E09EFN_1E1,145000,100
HA43E09EFN,0,HA43E09EFN_1E2,145000,100
IBF0010A,0,IBF0010A_5K1A,1799000,100
IBF0010A,0,IBF0010A_5K1L,1799000,100
IMS11AC02A,0,IMS11AC02A_9M2,299000,100
IMS10AC02A,0,IMS10AC02A_9M2,279000,100
HMSL11EDEN,0,HMSL11EDEN_XX,395000,100
IBF0009A,0,IBF0009A_5K1A,1699000,100
IBF0009A,0,IBF0009A_5K1L,1699000,100
IBA0000A,0,IBA0000A_GU,270000,100
IBA0000A,0,IBA0000A_GY,270000,100
IBA0000A,0,IBA0000A_NCC,270000,100
IMP26AA00A,0,IMP26AA00A_1E1,202500,100
IMP26AA00A,0,IMP26AA00A_1E2,202500,100
HA43E15EFN,0,HA43E15EFN_1E1,185000,100
HA43E15EFN,0,HA43E15EFN_1E2,185000,100
IMS11AB01A,0,IMS11AB01A_9M1,330000,100
IMS11AB00A,0,IMS11AB00A_9M1,330000,100
HA00G01EEU,0,HA00G01EEU_GY,32000,100
IMS15AB01A,0,IMS15AB01A_9M1,440000,100
IMP11AA00A,0,IMP11AA00A_1E1,87000,100
IMP11AA00A,0,IMP11AA00A_1E2,87000,100
IMP25AA00A,0,IMP25AA00A_1E1,202500,100
IMP25AA00A,0,IMP25AA00A_1E2,202500,100
HMSL15EDEN,0,HMSL15EDEN_XX,470000,100
IMP10AA00A,0,IMP10AA00A_1E1,87000,100
IMP10AA00A,0,IMP10AA00A_1E2,87000,100
IMP16AA00A,0,IMP16AA00A_1E1,135000,100
IMP16AA00A,0,IMP16AA00A_1E2,135000,100
IMS15AB00A,0,IMS15AB00A_9M1,440000,100
IAP23AA01A,0,IAP23AA01A_GY,10000,100
IAP23AA01A,0,IAP23AA01A_IV,10000,100
IMP15AA00A,0,IMP15AA00A_1E1,120000,100
IMP15AA00A,0,IMP15AA00A_1E2,120000,100
IAP23AA00A,0,IAP23AA00A_GY,10000,100
IAP23AA00A,0,IAP23AA00A_IV,10000,100
HA11M11EAE,0,HA11M11EAE_XX,290000,100
HMSL10ECEN,0,HMSL10ECEN_XX,599000,100
IMS16AB01A,0,IMS16AB01A_9M1,500000,100
IMS16AB00A,0,IMS16AB00A_9M1,500000,100
HW900801,0,HW900801_FIVGYM,469000,100
HW900801,0,HW900801_NCCBGM,469000,100
HD910841,0,HD910841_FIVGYM,529000,100
HD910841,0,HD910841_NCCBGM,529000,100
HSYA0006,0,HSYA0006_CZ,219000,100
HSYA0006,0,HSYA0006_GU,219000,100
HSYA0006,0,HSYA0006_NCC,219000,100
HSYA0006,0,HSYA0006_SP,219000,100
HD900811,0,HD900811_FIVGYM,299000,100
HD900811,0,HD900811_NCCBGM,299000,100
HDA200801,0,HDA200801_CZ,359000,100
HPA201201,0,HPA201201_CZ,399000,100
HP721015,0,HP721015_OS,399000,100
HPA200801,0,HPA200801_CZ,399000,100
HPA101203,0,HPA101203_GYMGYM,534000,100
HPA101203,0,HPA101203_SE,534000,100
HP900641R,0,HP900641R_FIVGYM,368000,100
HP900641R,0,HP900641R_NCCBGM,368000,100
HD571832,0,HD571832_CGDIO,519000,100
HD571832,0,HD571832_NCC,519000,100
HYC8080P,0,HYC8080P_5J1,18000,100
HYC8080P,0,HYC8080P_XX,18000,100
HDA500811,0,HDA500811_SP,349000,100
HPA501231,0,HPA501231_SP,449000,100
HP311231,0,HP311231_LDGYM,541000,100
HDA100801,0,HDA100801_GYMGYM,329000,100
HDA100801,0,HDA100801_SE,329000,100
HC401002R,0,HC401002R_CZ,425000,100
HC401002R,0,HC401002R_NCC,425000,100
HC401002R,0,HC401002R_SP,425000,100
HA72R10EU,0,HA72R10EU_GYM,99000,100
HYC8081P,0,HYC8081P_5J1,12000,100
HYC8081P,0,HYC8081P_XX,12000,100
HPA101202,0,HPA101202_GYMGYM,521000,100
HPA101202,0,HPA101202_SE,521000,100
HU00R01EL,0,HU00R01EL_GYM,79000,100
HP900651R,0,HP900651R_FIVGYM,369000,100
HP900651R,0,HP900651R_NCCBGM,369000,100
HP801033,0,HP801033_UAIV,413000,100
HP900841R,0,HP900841R_FIVGYM,320000,100
HP900841R,0,HP900841R_NCCBGM,320000,100
HA72S00EEA,0,HA72S00EEA_A481C,128000,100
HD58Y103EL,0,HD58Y103EL_CGYM,399000,100
HD58Y103EL,0,HD58Y103EL_NCC,399000,100
HCH1007,0,HCH1007_IV,149000,100
HCH1007,0,HCH1007_NCC,149000,100
HE570931,0,HE570931_CGDIO,499000,100
HE570931,0,HE570931_NCC,499000,100
HE570911,0,HE570911_CGDIO,315000,100
HE570911,0,HE570911_NCC,315000,100
HU00R00EL,0,HU00R00EL_GYM,79000,100
HPA101201,0,HPA101201_GYMGYM,399000,100
HPA101201,0,HPA101201_SE,399000,100
HD21Y050L,0,HD21Y050L_OS,359000,100
HA72R10AU,0,HA72R10AU_GYM,99000,100
HC570521,0,HC570521_DIO,67000,100
HC570521,0,HC570521_NCCGYM,67000,100
HPA500821,0,HPA500821_SP,219000,100
HPA500821,0,HPA500821_UW,219000,100
HP571041R,0,HP571041R_CGYM,499000,100
HP571041R,0,HP571041R_NCC,499000,100
HYC6003,0,HYC6003_XX,19000,100
HPA500831,0,HPA500831_SP,349000,100
HC570221,0,HC570221_DIO,48000,100
HC570221,0,HC570221_NCCGYM,48000,100
HC401001,0,HC401001_CZ,375000,100
HC401001,0,HC401001_NCC,375000,100
HC401001,0,HC401001_SP,375000,100
HCH1003N,0,HCH1003N_F521,119000,100
HA570302,0,HA570302_DIO,64000,100
HA570302,0,HA570302_NCC,64000,100
HD701013N,0,HD701013N_SP,159000,100
HC400802,0,HC400802_SP,389000,100
HYC848D,0,HYC848D_GUDG,399000,100
HYC848D,0,HYC848D_OSBG,399000,100
HYC848D,0,HYC848D_SPSP,399000,100
HYC910A,0,HYC910A_CGYA,2100000,100
HYC910A,0,HYC910A_GYA,2100000,100
HYC910A,0,HYC910A_IVA,2100000,100
HA20S04EEF,0,HA20S04EEF_2P1,179000,100
HYC8024,0,HYC8024_GU,159000,100
HYC8024,0,HYC8024_OS,159000,100
HYC8024,0,HYC8024_SP,159000,100
HYC8008,0,HYC8008_GUDG,199000,100
HYC8008,0,HYC8008_OSBG,199000,100
HYC8008,0,HYC8008_SPSP,199000,100
HC400801,0,HC400801_SP,339000,100
HSMC7085R,0,HSMC7085R_FIVGYM,449000,100
HSMC7085R,0,HSMC7085R_NCCBGM,449000,100
HYC8118,0,HYC8118_GUDG,349000,100
HYC8118,0,HYC8118_OSBG,349000,100
HYC8118,0,HYC8118_SPSP,349000,100
HP311041R,0,HP311041R_LDGYM,612000,100
HYC8004,0,HYC8004_GUDG,159000,100
HYC8004,0,HYC8004_OSBG,159000,100
HYC8004,0,HYC8004_SPSP,159000,100
HYC8006,0,HYC8006_GUDG,179000,100
HYC8006,0,HYC8006_OSBG,179000,100
HYC8006,0,HYC8006_SPSP,179000,100
HYC8058R,0,HYC8058R_GUDG,439000,100
HYC8058R,0,HYC8058R_OSBG,439000,100
HYC8058R,0,HYC8058R_SPSP,439000,100
HYC8138,0,HYC8138_GUDG,229000,100
HYC8138,0,HYC8138_OSBG,229000,100
HYC8138,0,HYC8138_SPSP,229000,100
HYC8124R,0,HYC8124R_GU,249000,100
HYC8124R,0,HYC8124R_OS,249000,100
HYC8124R,0,HYC8124R_SP,249000,100
HYC848E,0,HYC848E_GUDG,319000,100
HYC848E,0,HYC848E_OSBG,319000,100
HYC848E,0,HYC848E_SPSP,319000,100
HYC8026,0,HYC8026_GU,509000,100
HYC8026,0,HYC8026_OS,509000,100
HYC8026,0,HYC8026_SP,509000,100
HCH1003,0,HCH1003_A480V,119000,100
HP310651R,0,HP310651R_LDGYM,556000,100
HYC8124L,0,HYC8124L_GU,249000,100
HYC8124L,0,HYC8124L_OS,249000,100
HYC8124L,0,HYC8124L_SP,249000,100
HPA511231,0,HPA511231_UW,449000,100
HP721025R,0,HP721025R_OS,469000,100
HP720605R,0,HP720605R_OS,509000,100
IFW0024A,0,IFW0024A_GU,499000,100
IFW0024A,0,IFW0024A_OS,499000,100
IFW0024A,0,IFW0024A_SP,499000,100
HPA510831,0,HPA510831_UW,349000,100
HP801043R,0,HP801043R_UAIV,515000,100
IFH00AQ00A,0,IFH00AQ00A_BG,25000,100
IFH00AQ00A,0,IFH00AQ00A_DG,25000,100
IFH00AQ00A,0,IFH00AQ00A_SP,25000,100
HYC911A,0,HYC911A_DGC,305000,100
HYC911A,0,HYC911A_GYC,305000,100
IFW0025A,0,IFW0025A_GU,539000,100
IFW0025A,0,IFW0025A_OS,539000,100
IFW0025A,0,IFW0025A_SP,539000,100
HDB1E10LE,0,HDB1E10LE_SP,599000,100
HYC912D,0,HYC912D_DGC,585000,100
HYC912D,0,HYC912D_GYC,585000,100
IFW0021A,0,IFW0021A_GU,249000,100
IFW0021A,0,IFW0021A_OS,249000,100
IFW0021A,0,IFW0021A_SP,249000,100
IFO0001A,0,IFO0001A_GUDG,289000,100
IFO0001A,0,IFO0001A_OSBG,289000,100
IFO0001A,0,IFO0001A_SPSP,289000,100
HDB1E08HE,0,HDB1E08HE_SP,799000,100
HPB1E08AE,0,HPB1E08AE_SP,699000,100
HPB1E08CE,0,HPB1E08CE_SP,499000,100
HYC941A,0,HYC941A_DGC,225000,100
HYC941A,0,HYC941A_GYC,225000,100
IFW0022A,0,IFW0022A_GU,299000,100
IFW0022A,0,IFW0022A_OS,299000,100
IFW0022A,0,IFW0022A_SP,299000,100
IFI0010A,0,IFI0010A_GU,201000,100
IFI0010A,0,IFI0010A_OS,201000,100
IFI0010A,0,IFI0010A_SP,201000,100
IFW0023A,0,IFW0023A_GU,249000,100
IFW0023A,0,IFW0023A_OS,249000,100
IFW0023A,0,IFW0023A_SP,249000,100
IFI0009A,0,IFI0009A_GU,171000,100
IFI0009A,0,IFI0009A_OS,171000,100
IFI0009A,0,IFI0009A_SP,171000,100
HYC911C,0,HYC911C_DGC,575000,100
HYC911C,0,HYC911C_GYC,575000,100
HPB1E08BE,0,HPB1E08BE_SP,699000,100
HYC912C,0,HYC912C_DGC,515000,100
HYC912C,0,HYC912C_GYC,515000,100
HYC911B,0,HYC911B_DGC,435000,100
HYC911B,0,HYC911B_GYC,435000,100
HYC991A,0,HYC991A_DGC,299000,100
HYC991A,0,HYC991A_GYC,299000,100
HYC992D,0,HYC992D_DGC,565000,100
HYC992D,0,HYC992D_GYC,565000,100
HYC991B,0,HYC991B_DGC,425000,100
HYC991B,0,HYC991B_GYC,425000,100
HYC992C,0,HYC992C_DGC,495000,100
HYC992C,0,HYC992C_GYC,495000,100
IFO0000A,0,IFO0000A_GUDG,339000,100
IFO0000A,0,IFO0000A_OSBG,339000,100
IFO0000A,0,IFO0000A_SPSP,339000,100
HYC991C,0,HYC991C_DGC,565000,100
HYC991C,0,HYC991C_GYC,565000,100
HYC912B,0,HYC912B_DGC,445000,100
HYC912B,0,HYC912B_GYC,445000,100
HYC941D,0,HYC941D_DGC,292000,100
HYC941D,0,HYC941D_GYC,292000,100
HYC951B,0,HYC951B_DGC,259000,100
HYC951B,0,HYC951B_GYC,259000,100
HYC951A,0,HYC951A_DGC,229000,100
HYC951A,0,HYC951A_GYC,229000,100
HYC912A,0,HYC912A_DGC,293000,100
HYC912A,0,HYC912A_GYC,293000,100
HYC993A,0,HYC993A_DGC,323000,100
HYC993A,0,HYC993A_GYC,323000,100
HYC951D,0,HYC951D_DGC,299000,100
HYC951D,0,HYC951D_GYC,299000,100
HYC913E,0,HYC913E_DGC,400000,100
HYC913E,0,HYC913E_GYC,400000,100
HYC913B,0,HYC913B_DGC,360000,100
HYC913B,0,HYC913B_GYC,360000,100
HYC941B,0,HYC941B_DGC,253000,100
HYC941B,0,HYC941B_GYC,253000,100
HYC993E,0,HYC993E_DGC,390000,100
HYC993E,0,HYC993E_GYC,390000,100
HYC992B,0,HYC992B_DGC,425000,100
HYC992B,0,HYC992B_GYC,425000,100
HYC913D,0,HYC913D_DGC,361000,100
HYC913D,0,HYC913D_GYC,361000,100
HYC913A,0,HYC913A_DGC,330000,100
HYC913A,0,HYC913A_GYC,330000,100
HYC848F,0,HYC848F_GU,145000,100
HYC848F,0,HYC848F_OS,145000,100
HYC848F,0,HYC848F_SP,145000,100
HYC993B,0,HYC993B_DGC,351000,100
HYC993B,0,HYC993B_GYC,351000,100
HYC993D,0,HYC993D_DGC,353000,100
HYC993D,0,HYC993D_GYC,353000,100
HYC992A,0,HYC992A_DGC,288000,100
HYC992A,0,HYC992A_GYC,288000,100
HP900511,0,HP900511_FIVGYM,139000,100
HP900511,0,HP900511_NCCBGM,139000,100
HA9003,0,HA9003_BWBG,125000,100
HC310522,0,HC310522_LDGYM,135000,100
HP570422,0,HP570422_CGDIO,249000,100
HP570422,0,HP570422_NCC,249000,100
HAA100401,0,HAA100401_GYM,99000,100
HAA100401,0,HAA100401_SE,99000,100
HAA100401,0,HAA100401_SP,99000,100
HAA100401,0,HAA100401_UW,99000,100
HPA200401,0,HPA200401_CZ,216000,100
HAA200401,0,HAA200401_CZ,172000,100
HP570432,0,HP570432_CGDIO,325000,100
HP570432,0,HP570432_NCC,325000,100
HPA100401,0,HPA100401_GYMGYM,165000,100
HPA100401,0,HPA100401_NCC,165000,100
HPA100401,0,HPA100401_SE,165000,100
HPA100401,0,HPA100401_SP,165000,100
HP570421,0,HP570421_CGYM,209000,100
HP570421,0,HP570421_NCC,209000,100
HP720516,0,HP720516_OS,149000,100
HP800421,0,HP800421_UAIV,149000,100
HP570832,0,HP570832_CGDIO,425000,100
HP570832,0,HP570832_NCC,425000,100
HPA300501,0,HPA300501_CZ,790000,100
HSOP064OR,0,HSOP064OR_GYM,349000,100
HSOP064OR,0,HSOP064OR_WW,349000,100
HSMD018,0,HSMD018_FIVGY,239000,100
HSMD018,0,HSMD018_GYM,239000,100
HSMD018,0,HSMD018_NCCBG,239000,100
HPEL008,0,HPEL008_NCC,199000,100
HL13T19HL,0,HL13T19HL_FIV,559000,100
HL13T19HL,0,HL13T19HL_GG,559000,100
HSUD018T,0,HSUD018T_NCCGY,379000,100
HL10Y06TL,0,HL10Y06TL_FKFK,79000,100
HL10Y06TL,0,HL10Y06TL_GYMGY,79000,100
HL10Y06TL,0,HL10Y06TL_IVIIV,79000,100
HL10Y06TL,0,HL10Y06TL_LDDG,79000,100
HL10Y06TL,0,HL10Y06TL_OSBG,79000,100
HL10Y06TL,0,HL10Y06TL_UACHO,79000,100
HSPD140,0,HSPD140_NCCBG,189000,100
HSPD140,0,HSPD140_NCCDG,189000,100
HSMD012,0,HSMD012_GYM,199000,100
HSMD012,0,HSMD012_NCCBG,199000,100
HSPD120,0,HSPD120_NCCBG,159000,100
HSPD120,0,HSPD120_NCCDG,159000,100
HPED112,0,HPED112_MLNCC,241000,100
HSUA0100,0,HSUA0100_NCC,43000,100
HSUD018,0,HSUD018_NCC,340000,100
HPED014P,0,HPED014P_NCCGG,519000,100
HL12T16HL,0,HL12T16HL_UA,429000,100
HFT018,0,HFT018_IV,199000,100
HSUD012,0,HSUD012_NCC,290000,100
HL70Y12MLN,0,HL70Y12MLN_LDGYM,399000,100
HL70Y12MLN,0,HL70Y12MLN_UABG,399000,100
HL70Y12MLN,0,HL70Y12MLN_UMDG,399000,100
HEL410,0,HEL410_UA,169000,100
HEL410,0,HEL410_WW,169000,100
HSPD010N,0,HSPD010N_NCCGG,239000,100
HCS760T,0,HCS760T_NCC,189000,100
HSUD014F,0,HSUD014F_NGAGY,599000,100
HFT014,0,HFT014_IV,179000,100
HSUD018F,0,HSUD018F_NGAGY,749000,100
HSUD014,0,HSUD014_NCCGY,299000,100
HT90Y16EL,0,HT90Y16EL_CZ,499000,100
HT90Y16EL,0,HT90Y16EL_IV,499000,100
HSUD012H,0,HSUD012H_NCCGY,269000,100
HL70Y12LLN,0,HL70Y12LLN_LDGYM,449000,100
HL70Y12LLN,0,HL70Y12LLN_UABG,449000,100
HL70Y12LLN,0,HL70Y12LLN_UMDG,449000,100
HSPD110N,0,HSPD110N_NCCGG,317000,100
HPED012,0,HPED012_NCCGG,449000,100
HL60Y12LL,0,HL60Y12LL_GYM,239000,100
HL60Y12LL,0,HL60Y12LL_IV,239000,100
HL60Y12LL,0,HL60Y12LL_UA,239000,100
HL60Y12HL,0,HL60Y12HL_GYM,249000,100
HL60Y12HL,0,HL60Y12HL_IV,249000,100
HL60Y12HL,0,HL60Y12HL_UA,249000,100
HLC0E04HU,0,HLC0E04HU_FK,199000,100
HL60Y08LL,0,HL60Y08LL_GYM,149000,100
HL60Y08LL,0,HL60Y08LL_IV,149000,100
HL60Y08LL,0,HL60Y08LL_UA,149000,100
HL31Y12EL,0,HL31Y12EL_WW,199000,100
HL31Y05EL,0,HL31Y05EL_HV,169000,100
HL31Y05EL,0,HL31Y05EL_SE,169000,100
HL60Y08HL,0,HL60Y08HL_GYM,159000,100
HL60Y08HL,0,HL60Y08HL_IV,159000,100
HL60Y08HL,0,HL60Y08HL_UA,159000,100
HLB0Y08HL,0,HLB0Y08HL_GUDGS,269000,100
HLB0Y08HL,0,HLB0Y08HL_GYMDGS,269000,100
HLA0T12ELN,0,HLA0T12ELN_LDDG,159000,100
HLA0T12ELN,0,HLA0T12ELN_UADG,159000,100
HLB0Y05EL,0,HLB0Y05EL_DGMDGS,199000,100
HLB0Y05EL,0,HLB0Y05EL_GUDGS,199000,100
HLB0Y05EL,0,HLB0Y05EL_GYMDGS,199000,100
HSPA0102,0,HSPA0102_BG,25000,100
HSPA0102,0,HSPA0102_GY,25000,100
HSPA0102,0,HSPA0102_HY,25000,100
HSPA0102,0,HSPA0102_SE,25000,100
HC70Y22EL,0,HC70Y22EL_HV,399000,100
HC70Y22EL,0,HC70Y22EL_IV,399000,100
HC70Y22EL,0,HC70Y22EL_SE,399000,100
HT00Y08LL,0,HT00Y08LL_CZBG,339000,100
HT00Y08LL,0,HT00Y08LL_IVIVM,339000,100
HLC0E04EU,0,HLC0E04EU_FK,194000,100
HT00Y08EL,0,HT00Y08EL_CZBG,359000,100
HT00Y08EL,0,HT00Y08EL_IVIVM,359000,100
HL14E06EL,0,HL14E06EL_FKFK,79000,100
HL14E06EL,0,HL14E06EL_GYMGY,79000,100
HL14E06EL,0,HL14E06EL_IVIIV,79000,100
HL14E06EL,0,HL14E06EL_LDDG,79000,100
HL14E06EL,0,HL14E06EL_OSBG,79000,100
HL14E06EL,0,HL14E06EL_UACHO,79000,100
HSPA104,0,HSPA104_NCC,68000,100
HLF0E09EL,0,HLF0E09EL_CGYM,190000,100
HL41Y12EG,0,HL41Y12EG_MDB,399000,100
HL41Y12EG,0,HL41Y12EG_MTW,399000,100
HXEL510,0,HXEL510_IVNCC,99000,100
HLC0E04EL,0,HLC0E04EL_FK,120000,100
HLC0E04EL,0,HLC0E04EL_GG,120000,100
HLC0E04EL,0,HLC0E04EL_GYM,120000,100
HLC0E04EL,0,HLC0E04EL_HY,120000,100
HT00Y06LL,0,HT00Y06LL_CZBG,269000,100
HT00Y06LL,0,HT00Y06LL_IVIVM,269000,100
HT00Y06EL,0,HT00Y06EL_CZBG,289000,100
HT00Y06EL,0,HT00Y06EL_IVIVM,289000,100
HXL70Y12EL,0,HXL70Y12EL_FIVGYM,289000,100
HXL70Y12EL,0,HXL70Y12EL_LDGU,289000,100
HLC0E04HL,0,HLC0E04HL_FK,125000,100
HL41Y06EG,0,HL41Y06EG_MDB,269000,100
HL41Y06EG,0,HL41Y06EG_MTW,269000,100
HL32Y14EF,0,HL32Y14EF_NGA,399000,100
HSJL009,0,HSJL009_FIVCHO,119000,100
HL32Y14EL,0,HL32Y14EL_IV,239000,100
HL91T12ET,0,HL91T12ET_CZ,239000,100
HSJL006,0,HSJL006_FIVCHO,89000,100
HL32Y05EL,0,HL32Y05EL_CZ,129000,100
HL32Y05EL,0,HL32Y05EL_SE,129000,100
HL75Y12EE,0,HL75Y12EE_BKCBKM,629000,100
HL75Y12EE,0,HL75Y12EE_SPGY,629000,100
HL35E08EL,0,HL35E08EL_KW,259000,100
HL35E08EL,0,HL35E08EL_WGYS,259000,100
HL35E05EL,0,HL35E05EL_KW,199000,100
HL35E05EL,0,HL35E05EL_WGYS,199000,100
HL35E08EG,0,HL35E08EG_MYBK,399000,100
HL35E08EG,0,HL35E08EG_SGY,399000,100
HP311621,0,HP311621_LDGYM,479000,100
HP311621,0,HP311621_OSGYM,479000,100
HP60Y202L,0,HP60Y202L_FIVIV,669000,100
HP60Y202L,0,HP60Y202L_LDGYM,669000,100
HP60Y202L,0,HP60Y202L_NCCBG,669000,100
HP60Y222U,0,HP60Y222U_UABG,590000,100
HP901201,0,HP901201_FIVGYM,275000,100
HP901201,0,HP901201_NCCBGM,275000,100
HP60Y202G,0,HP60Y202G_FIVIV,759000,100
HP60Y202G,0,HP60Y202G_LDGYM,759000,100
HP60Y202G,0,HP60Y202G_NCCBG,759000,100
HP61Y18EL,0,HP61Y18EL_NCCDGS,639000,100
HSPP166,0,HSPP166_NCCGG,787000,100
HC70Y18EL,0,HC70Y18EL_CZSE,499000,100
HP60Y061L,0,HP60Y061L_BG,149000,100
HP60Y061L,0,HP60Y061L_FIVIV,149000,100
HP60Y061L,0,HP60Y061L_LDGYM,149000,100
HP60Y222E,0,HP60Y222E_UABG,520000,100
HSPP161,0,HSPP161_NCC,409000,100
HP60Y083U,0,HP60Y083U_UABG,369000,100
HCF1D20HL,0,HCF1D20HL_GYM,449000,100
HCF1D20HL,0,HCF1D20HL_SP,449000,100
HP60Y061G,0,HP60Y061G_BG,179000,100
HP60Y061G,0,HP60Y061G_FIVIV,179000,100
HP60Y061G,0,HP60Y061G_LDGYM,179000,100
HP60Y083E,0,HP60Y083E_UABG,314000,100
HC70Y16EL,0,HC70Y16EL_HV,299000,100
HC70Y16EL,0,HC70Y16EL_IV,299000,100
HC70Y16EL,0,HC70Y16EL_SE,299000,100
HCF2P21HL,0,HCF2P21HL_NBK,899000,100
HCF2P21HL,0,HCF2P21HL_SP,899000,100
HCF1P20HL,0,HCF1P20HL_GYM,499000,100
HCF1P20HL,0,HCF1P20HL_SP,499000,100
HCF2D21HL,0,HCF2D21HL_NBK,839000,100
HCF2D21HL,0,HCF2D21HL_SP,839000,100
HCF1D20LL,0,HCF1D20LL_GYM,369000,100
HCF1D20LL,0,HCF1D20LL_SP,369000,100
HCF2P31HL,0,HCF2P31HL_NBK,1239000,100
HCF2P31HL,0,HCF2P31HL_SP,1239000,100
HCF2D31HL,0,HCF2D31HL_NBK,1149000,100
HCF2D31HL,0,HCF2D31HL_SP,1149000,100
HCF2P21LL,0,HCF2P21LL_NBK,819000,100
HCF2P21LL,0,HCF2P21LL_SP,819000,100
HCF1P20LL,0,HCF1P20LL_GYM,419000,100
HCF1P20LL,0,HCF1P20LL_SP,419000,100
HCF2P31LL,0,HCF2P31LL_NBK,1089000,100
HCF2P31LL,0,HCF2P31LL_SP,1089000,100
HCF1P10HL,0,HCF1P10HL_GYM,269000,100
HCF1P10HL,0,HCF1P10HL_SP,269000,100
HCF1D05HL,0,HCF1D05HL_GYM,169000,100
HCF1D05HL,0,HCF1D05HL_SP,169000,100
HCF1P10LL,0,HCF1P10LL_GYM,199000,100
HCF1P10LL,0,HCF1P10LL_SP,199000,100
HCF2D21LL,0,HCF2D21LL_NBK,759000,100
HCF2D21LL,0,HCF2D21LL_SP,759000,100
HCF1D05LL,0,HCF1D05LL_GYM,96000,100
HCF1D05LL,0,HCF1D05LL_SP,96000,100
HCF2D31LL,0,HCF2D31LL_NBK,999000,100
HCF2D31LL,0,HCF2D31LL_SP,999000,100
HCS763PF,0,HCS763PF_3J1,1129000,100
HCS783C,0,HCS783C_L741C,2800000,100
HCS783C,0,HCS783C_L745L,2800000,100
HCS4903,0,HCS4903_L741S,1290000,100
HCS4903,0,HCS4903_L742,1290000,100
HCS4903,0,HCS4903_L745L,1290000,100
HCS762PF,0,HCS762PF_3J1,1019000,100
HCS763FN,0,HCS763FN_3J1,1010000,100
HCS763FN,0,HCS763FN_3J2,1010000,100
HCS5901,0,HCS5901_451,439000,100
HCS5901,0,HCS5901_454A,439000,100
HCS5901,0,HCS5901_456,439000,100
HCS5901,0,HCS5901_458,439000,100
HCS704,0,HCS704_L741A,2890000,100
HCS704,0,HCS704_L741L,2890000,100
HCS704,0,HCS704_L741S,2890000,100
HCS704,0,HCS704_L744L,2890000,100
HCS704,0,HCS704_L745L,2890000,100
HCS763TFN,0,HCS763TFN_3J1,1199000,100
HCS763TFN,0,HCS763TFN_3J2,1199000,100
HCS783CF,0,HCS783CF_3T1,2220000,100
HCS714F,0,HCS714F_2P1A,2790000,100
HCS714F,0,HCS714F_2Z1,2790000,100
HCS714F,0,HCS714F_2Z2,2790000,100
HCS710EC,0,HCS710EC_L741A,4390000,100
HCS713F,0,HCS713F_2P1A,1990000,100
HCS713F,0,HCS713F_2Z1,1990000,100
HCS713F,0,HCS713F_2Z2,1990000,100
HCS783,0,HCS783_L741C,2090000,100
HCS783,0,HCS783_L745L,2090000,100
HCS6303,0,HCS6303_L741A,1590000,100
HCS6303,0,HCS6303_L741C,1590000,100
HCS8101,0,HCS8101_L741C,1790000,100
HCS8101,0,HCS8101_L744,1790000,100
HCS762FN,0,HCS762FN_3J1,710000,100
HCS762FN,0,HCS762FN_3J2,710000,100
HCS664V,0,HCS664V_L741A,3590000,100
HCS664V,0,HCS664V_L741L,3590000,100
HCS664V,0,HCS664V_L742L,3590000,100
HCS5803,0,HCS5803_L741C,1990000,100
HCS5803,0,HCS5803_L741S,1990000,100
HCS5803,0,HCS5803_L742,1990000,100
HCS5803,0,HCS5803_L744L,1990000,100
HCS714,0,HCS714_L741A,2790000,100
HCS714,0,HCS714_L742L,2790000,100
HCS713,0,HCS713_L741A,1990000,100
HCS713,0,HCS713_L742L,1990000,100
HCS934F,0,HCS934F_3K0,3290000,100
HCS934F,0,HCS934F_3K1L,3290000,100
HCS934F,0,HCS934F_3K5,3290000,100
HCS7003N,0,HCS7003N_L741A,1990000,100
HCS7003N,0,HCS7003N_L741L,1990000,100
HCS7003N,0,HCS7003N_L741S,1990000,100
HCS7003N,0,HCS7003N_L744L,1990000,100
HCS7003N,0,HCS7003N_L745L,1990000,100
HCS4902,0,HCS4902_L741S,990000,100
HCS4902,0,HCS4902_L742,990000,100
HCS4902,0,HCS4902_L745L,990000,100
HCS710ECF,0,HCS710ECF_2P1A,4390000,100
HCS710ECF,0,HCS710ECF_2Z1,4390000,100
HCS710ECF,0,HCS710ECF_2Z2,4390000,100
HCS783F,0,HCS783F_3T1,1690000,100
HCS8101F,0,HCS8101F_3X1,1590000,100
HCS8101F,0,HCS8101F_3X3,1590000,100
HCS7800B,0,HCS7800B_L741C,330000,100
HCS7800B,0,HCS7800B_L745L,330000,100
HCS714CR,0,HCS714CR_L741A,3190000,100
HCS714CR,0,HCS714CR_L742L,3190000,100
HCS663V,0,HCS663V_L741A,2890000,100
HCS663V,0,HCS663V_L741L,2890000,100
HCS663V,0,HCS663V_L742L,2890000,100
HCS762TFN,0,HCS762TFN_3J1,899000,100
HCS762TFN,0,HCS762TFN_3J2,899000,100
HCS782,0,HCS782_L741C,1390000,100
HCS782,0,HCS782_L745L,1390000,100
HCS714CL,0,HCS714CL_L741A,3190000,100
HCS714CL,0,HCS714CL_L742L,3190000,100
HCS883,0,HCS883_L742A,1790000,100
HCS883,0,HCS883_L744L,1790000,100
HCH9002,0,HCH9002_NBO,119000,100
HCH9002,0,HCH9002_WBO,119000,100
HCS584CR,0,HCS584CR_L741C,3190000,100
HCS584CR,0,HCS584CR_L741S,3190000,100
HCS584CR,0,HCS584CR_L742,3190000,100
HCS584CR,0,HCS584CR_L744L,3190000,100
HCS7610BF,0,HCS7610BF_3J1,190000,100
HCS7610BF,0,HCS7610BF_3J2,190000,100
HCS584,0,HCS584_L741C,2690000,100
HCS584,0,HCS584_L741S,2690000,100
HCS584,0,HCS584_L742,2690000,100
HCS584,0,HCS584_L744L,2690000,100
HCS704CL,0,HCS704CL_L741A,3290000,100
HCS704CL,0,HCS704CL_L741L,3290000,100
HCS704CL,0,HCS704CL_L741S,3290000,100
HCS704CL,0,HCS704CL_L744L,3290000,100
HCS704CL,0,HCS704CL_L745L,3290000,100
HCS714CRF,0,HCS714CRF_2P1A,3190000,100
HCS714CRF,0,HCS714CRF_2Z1,3190000,100
HCS714CRF,0,HCS714CRF_2Z2,3190000,100
HCS782F,0,HCS782F_3T1,1100000,100
HCS774,0,HCS774_L741C,2790000,100
HCS774,0,HCS774_L741S,2790000,100
HCS7800BF,0,HCS7800BF_3T1,270000,100
HCS5900,0,HCS5900_451,159000,100
HCS5900,0,HCS5900_454A,159000,100
HCS5900,0,HCS5900_456,159000,100
HCS5900,0,HCS5900_458,159000,100
HCS6301,0,HCS6301_L741A,990000,100
HCS6301,0,HCS6301_L741C,990000,100
HCS5013,0,HCS5013_L741C,2190000,100
HCS5013,0,HCS5013_L741S,2190000,100
HCS8101N,0,HCS8101N_L733,1990000,100
HCS8101N,0,HCS8101N_L734,1990000,100
HCS504N,0,HCS504N_L741C,2990000,100
HCS504N,0,HCS504N_L741S,2990000,100
HCS933F,0,HCS933F_3K0,2290000,100
HCS933F,0,HCS933F_3K1L,2290000,100
HCS933F,0,HCS933F_3K5,2290000,100
HCS714CLF,0,HCS714CLF_2P1A,3190000,100
HCS714CLF,0,HCS714CLF_2Z1,3190000,100
HCS714CLF,0,HCS714CLF_2Z2,3190000,100
HCS504CL,0,HCS504CL_L741C,3690000,100
HCS504CL,0,HCS504CL_L741S,3690000,100
HCS884,0,HCS884_L742A,2390000,100
HCS884,0,HCS884_L744L,2390000,100
HCS898F,0,HCS898F_3T1L,2290000,100
HCS898F,0,HCS898F_3T2,2290000,100
HCS704CR,0,HCS704CR_L741A,3290000,100
HCS704CR,0,HCS704CR_L741L,3290000,100
HCS704CR,0,HCS704CR_L741S,3290000,100
HCS704CR,0,HCS704CR_L744L,3290000,100
HCS704CR,0,HCS704CR_L745L,3290000,100
HCS888F,0,HCS888F_4R2,1890000,100
HCS888F,0,HCS888F_4R8,1890000,100
HCS883F,0,HCS883F_4R2,1490000,100
HCS883F,0,HCS883F_4R8,1490000,100
HCS884F,0,HCS884F_4R2,1990000,100
HCS884F,0,HCS884F_4R8,1990000,100
HCS878U,0,HCS878U_L744,2490000,100
HCS878U,0,HCS878U_L745L,2490000,100
HCS584CL,0,HCS584CL_L741C,3190000,100
HCS584CL,0,HCS584CL_L741S,3190000,100
HCS584CL,0,HCS584CL_L742,3190000,100
HCS584CL,0,HCS584CL_L744L,3190000,100
HCS504CR,0,HCS504CR_L741C,3690000,100
HCS504CR,0,HCS504CR_L741S,3690000,100
HCS7703,0,HCS7703_L741C,1990000,100
HCS7703,0,HCS7703_L741S,1990000,100
HCS894F,0,HCS894F_3T1L,2590000,100
HCS894F,0,HCS894F_3T2,2590000,100
HCS888,0,HCS888_L742A,2090000,100
HCS888,0,HCS888_L744L,2090000,100
HCS4900,0,HCS4900_L741S,390000,100
HCS4900,0,HCS4900_L742,390000,100
HCS4900,0,HCS4900_L745L,390000,100
HCS4901,0,HCS4901_L741S,590000,100
HCS4901,0,HCS4901_L742,590000,100
HCS4901,0,HCS4901_L745L,590000,100
HCS874W,0,HCS874W_L744,2890000,100
HCS874W,0,HCS874W_L745L,2890000,100
HCS878WF,0,HCS878WF_2Z1,2490000,100
HCS878WF,0,HCS878WF_2Z2,2490000,100
HCS834,0,HCS834_L741C,3390000,100
HCS834,0,HCS834_L741S,3390000,100
HCS834,0,HCS834_L742A,3390000,100
HCS7801Z,0,HCS7801Z_A361C,135000,100
HCS7801Z,0,HCS7801Z_A485C,135000,100
HCS763PLF,0,HCS763PLF_3J1,1129000,100
HCS853CL,0,HCS853CL_L741C,2690000,100
HCS853CL,0,HCS853CL_L744A,2690000,100
HCS878W,0,HCS878W_L744,2490000,100
HCS878W,0,HCS878W_L745L,2490000,100
HCS753,0,HCS753_L741C,1690000,100
HCS8903F,0,HCS8903F_3T1L,1790000,100
HCS8903F,0,HCS8903F_3T2,1790000,100
HCS5911,0,HCS5911_4S0,499000,100
HCS5911,0,HCS5911_4S8,499000,100
HCS7801ZF,0,HCS7801ZF_3T1,135000,100
HCS853CR,0,HCS853CR_L741C,2690000,100
HCS853CR,0,HCS853CR_L744A,2690000,100
HCS7800C,0,HCS7800C_L741C,99000,100
HCS7800C,0,HCS7800C_L745L,99000,100
HCS762PLF,0,HCS762PLF_3J1,1019000,100
HCS7800CF,0,HCS7800CF_3T1,75000,100
HCS5010C,0,HCS5010C_3J1,79000,100
HCS5010B,0,HCS5010B_L741C,190000,100
HCS874U,0,HCS874U_L744,2890000,100
HCS874U,0,HCS874U_L745L,2890000,100
HCS8503,0,HCS8503_L741C,1590000,100
HCS8503,0,HCS8503_L744A,1590000,100
HCS7700,0,HCS7700_L741C,439000,100
HCS7700,0,HCS7700_L741S,439000,100
HCS753F,0,HCS753F_3V3A,1390000,100
HCS874UF,0,HCS874UF_2Z1,2890000,100
HCS874UF,0,HCS874UF_2Z2,2890000,100
HCS878UF,0,HCS878UF_2Z1,2490000,100
HCS878UF,0,HCS878UF_2Z2,2490000,100
HCS874WF,0,HCS874WF_2Z1,2890000,100
HCS874WF,0,HCS874WF_2Z2,2890000,100
HCS873WF,0,HCS873WF_2Z1,1990000,100
HCS873WF,0,HCS873WF_2Z2,1990000,100
ISY30AK10A,0,ISY30AK10A_4U0,1330000,100
ISY30AK10A,0,ISY30AK10A_4U1,1330000,100
HCS873W,0,HCS873W_L744,1990000,100
HCS873W,0,HCS873W_L745L,1990000,100
HCS8303,0,HCS8303_L741C,2590000,100
HCS8303,0,HCS8303_L741S,2590000,100
HCS8303,0,HCS8303_L742A,2590000,100
HCS5910,0,HCS5910_4S0,189000,100
HCS5910,0,HCS5910_4S8,189000,100
HCS870W,0,HCS870W_L744,490000,100
HCS870W,0,HCS870W_L745L,490000,100
HCS873U,0,HCS873U_L744,1990000,100
HCS873U,0,HCS873U_L745L,1990000,100
ISB0000A,0,ISB0000A_4U0,1090000,100
ISB0000A,0,ISB0000A_4U4L,1090000,100
ISB0000A,0,ISB0000A_4U7A,1090000,100
ISY20AK10A,0,ISY20AK10A_4U0,1130000,100
HCS870WF,0,HCS870WF_2Z1,490000,100
HCS870WF,0,HCS870WF_2Z2,490000,100
HCS8500H,0,HCS8500H_L741C,179000,100
HCS8900F,0,HCS8900F_3T1L,390000,100
HCS8900F,0,HCS8900F_3T2,390000,100
ISU0002A,0,ISU0002A_4U0,2390000,100
ISU0002A,0,ISU0002A_4U1,2390000,100
ISR20AK00A,0,ISR20AK00A_4U0,1260000,100
ISR20AK00A,0,ISR20AK00A_4U1,1260000,100
ISU0001A,0,ISU0001A_4U0,2390000,100
ISU0001A,0,ISU0001A_4U1,2390000,100
HCS873UF,0,HCS873UF_2Z1,1990000,100
HCS873UF,0,HCS873UF_2Z2,1990000,100
ISL20AK00A,0,ISL20AK00A_4U0,1260000,100
ISL20AK00A,0,ISL20AK00A_4U1,1260000,100
HCS9300F,0,HCS9300F_3K0,690000,100
HCS9300F,0,HCS9300F_3K1L,690000,100
HCS9300F,0,HCS9300F_3K5,690000,100
ISB0001A,0,ISB0001A_4S0,1290000,100
ISB0001A,0,ISB0001A_4S5,1290000,100
ISU0004A,0,ISU0004A_4U0,2590000,100
ISU0004A,0,ISU0004A_4U1,2590000,100
HCS870U,0,HCS870U_L744,490000,100
HCS870U,0,HCS870U_L745L,490000,100
ILY30AK10A,0,ILY30AK10A_L741C,1430000,100
ILY30AK10A,0,ILY30AK10A_L742A,1430000,100
ISU0003A,0,ISU0003A_4U0,2590000,100
ISU0003A,0,ISU0003A_4U1,2590000,100
HCS811,0,HCS811_L742A,1990000,100
HCS811,0,HCS811_L744,1990000,100
HCS811,0,HCS811_L745L,1990000,100
ISR20AJ00A,0,ISR20AJ00A_4U0,630000,100
ISR20AJ00A,0,ISR20AJ00A_4U4L,630000,100
ISR20AJ00A,0,ISR20AJ00A_4U7A,630000,100
HCS870UF,0,HCS870UF_2Z1,490000,100
HCS870UF,0,HCS870UF_2Z2,490000,100
HCS8011F,0,HCS8011F_4U0,1890000,100
HCS8011F,0,HCS8011F_4U4L,1890000,100
ILU0003A,0,ILU0003A_L741C,2890000,100
ILU0003A,0,ILU0003A_L742A,2890000,100
ILU0004A,0,ILU0004A_L741C,2890000,100
ILU0004A,0,ILU0004A_L742A,2890000,100
ILY20AK10A,0,ILY20AK10A_L741C,1230000,100
ILY20AK10A,0,ILY20AK10A_L742A,1230000,100
ISY10AJ00A,0,ISY10AJ00A_4U0,460000,100
ISY10AJ00A,0,ISY10AJ00A_4U4L,460000,100
ISY10AJ00A,0,ISY10AJ00A_4U7A,460000,100
ISY10AJ01A,0,ISY10AJ01A_4S0,530000,100
ISY10AJ01A,0,ISY10AJ01A_4S5,530000,100
ISL20AJ00A,0,ISL20AJ00A_4U0,630000,100
ISL20AJ00A,0,ISL20AJ00A_4U4L,630000,100
ISL20AJ00A,0,ISL20AJ00A_4U7A,630000,100
ILU0002A,0,ILU0002A_L741C,2690000,100
ILU0002A,0,ILU0002A_L742A,2690000,100
ISR20AJ01A,0,ISR20AJ01A_4S0,760000,100
ISR20AJ01A,0,ISR20AJ01A_4S5,760000,100
ILU0001A,0,ILU0001A_L741C,2690000,100
ILU0001A,0,ILU0001A_L742A,2690000,100
ILL20AK00A,0,ILL20AK00A_L741C,1460000,100
ILL20AK00A,0,ILL20AK00A_L742A,1460000,100
ILR20AK00A,0,ILR20AK00A_L741C,1460000,100
ILR20AK00A,0,ILR20AK00A_L742A,1460000,100
ISL20AJ01A,0,ISL20AJ01A_4S0,760000,100
ISL20AJ01A,0,ISL20AJ01A_4S5,760000,100
ISC00AJ00A,0,ISC00AJ00A_4U0,49000,100
ISC00AJ00A,0,ISC00AJ00A_4U4L,49000,100
ISC00AJ00A,0,ISC00AJ00A_4U7A,49000,100
ISC00AJ01A,0,ISC00AJ01A_4S0,53000,100
ISC00AJ01A,0,ISC00AJ01A_4S5,53000,100
HCS824V,0,HCS824V_L741C,2990000,100
HCS824V,0,HCS824V_L745L,2990000,100
HSO146AN,0,HSO146AN_GUDN,789000,100
HSO146AN,0,HSO146AN_GUHY,789000,100
HSO146AN,0,HSO146AN_GULU,789000,100
HSO146AN,0,HSO146AN_OSDN,789000,100
HSO146AN,0,HSO146AN_OSHY,789000,100
HSO146AN,0,HSO146AN_OSLU,789000,100
HSK124BSA,0,HSK124BSA_IVGY,763000,100
HSK124BSA,0,HSK124BSA_IVLU,763000,100
HSK124BSA,0,HSK124BSA_IVRM,763000,100
HSK124BSA,0,HSK124BSA_IVTM,763000,100
HSO145AN,0,HSO145AN_GUDN,729000,100
HSO145AN,0,HSO145AN_GUHY,729000,100
HSO145AN,0,HSO145AN_GULU,729000,100
HSO145AN,0,HSO145AN_OSDN,729000,100
HSO145AN,0,HSO145AN_OSHY,729000,100
HSO145AN,0,HSO145AN_OSLU,729000,100
HSZ01,0,HSZ01_NCCGYM,999000,100
HSZ01,0,HSZ01_NCCSE,999000,100
HSMD380F,0,HSMD380F_FIVGYM,399000,100
HSMD380F,0,HSMD380F_NCCBGM,399000,100
HSO126AN,0,HSO126AN_GUDN,669000,100
HSO126AN,0,HSO126AN_GUHY,669000,100
HSO126AN,0,HSO126AN_GULU,669000,100
HSO126AN,0,HSO126AN_OSDN,669000,100
HSO126AN,0,HSO126AN_OSHY,669000,100
HSO126AN,0,HSO126AN_OSLU,669000,100
HSOD120N,0,HSOD120N_GUDN,219000,100
HSOD120N,0,HSOD120N_GUHY,219000,100
HSOD120N,0,HSOD120N_GULU,219000,100
HSOD120N,0,HSOD120N_OSDN,219000,100
HSOD120N,0,HSOD120N_OSHY,219000,100
HSOD120N,0,HSOD120N_OSLU,219000,100
HSO146AMPN,0,HSO146AMPN_GUDN,1319000,100
HSO146AMPN,0,HSO146AMPN_GUHY,1319000,100
HSO146AMPN,0,HSO146AMPN_GULU,1319000,100
HSO146AMPN,0,HSO146AMPN_OSDN,1319000,100
HSO146AMPN,0,HSO146AMPN_OSHY,1319000,100
HSO146AMPN,0,HSO146AMPN_OSLU,1319000,100
HSK124BA,0,HSK124BA_IVGY,579000,100
HSK124BA,0,HSK124BA_IVLU,579000,100
HSK124BA,0,HSK124BA_IVRM,579000,100
HSK124BA,0,HSK124BA_IVTM,579000,100
HSO123BN,0,HSO123BN_GUDN,529000,100
HSO123BN,0,HSO123BN_GUHY,529000,100
HSO123BN,0,HSO123BN_GULU,529000,100
HSO123BN,0,HSO123BN_OSDN,529000,100
HSO123BN,0,HSO123BN_OSHY,529000,100
HSO123BN,0,HSO123BN_OSLU,529000,100
HSO143BN,0,HSO143BN_GUDN,629000,100
HSO143BN,0,HSO143BN_GUHY,629000,100
HSO143BN,0,HSO143BN_GULU,629000,100
HSO143BN,0,HSO143BN_OSDN,629000,100
HSO143BN,0,HSO143BN_OSHY,629000,100
HSO143BN,0,HSO143BN_OSLU,629000,100
HSYD012H,0,HSYD012H_NCCGG,329000,100
HSYD012H,0,HSYD012H_NCCGU,329000,100
HSKA0000X,0,HSKA0000X_XX,3000,100
HSM127A,0,HSM127A_FIVGY,569000,100
HSM127A,0,HSM127A_NCCBG,569000,100
HSZ02,0,HSZ02_NCCGYM,899000,100
HSZ02,0,HSZ02_NCCSE,899000,100
HSOD140,0,HSOD140_GUDN,249000,100
HSOD140,0,HSOD140_GUHY,249000,100
HSOD140,0,HSOD140_GULU,249000,100
HSOD140,0,HSOD140_OSDN,249000,100
HSOD140,0,HSOD140_OSHY,249000,100
HSOD140,0,HSOD140_OSLU,249000,100
HSM147A,0,HSM147A_FIVGY,699000,100
HSM147A,0,HSM147A_NCCBG,699000,100
HSM145BE,0,HSM145BE_FIVGYM,619000,100
HSM145BE,0,HSM145BE_NCCBGM,619000,100
HSK126AA,0,HSK126AA_IVGY,559000,100
HSK126AA,0,HSK126AA_IVLU,559000,100
HSK126AA,0,HSK126AA_IVRM,559000,100
HSK126AA,0,HSK126AA_IVTM,559000,100
HSO125AMPN,0,HSO125AMPN_GUDN,1169000,100
HSO125AMPN,0,HSO125AMPN_GUHY,1169000,100
HSO125AMPN,0,HSO125AMPN_GULU,1169000,100
HSO125AMPN,0,HSO125AMPN_OSDN,1169000,100
HSO125AMPN,0,HSO125AMPN_OSHY,1169000,100
HSO125AMPN,0,HSO125AMPN_OSLU,1169000,100
HSK144BAE,0,HSK144BAE_IVGY,664000,100
HSK144BAE,0,HSK144BAE_IVLU,664000,100
HSK144BAE,0,HSK144BAE_IVRM,664000,100
HSK144BAE,0,HSK144BAE_IVTM,664000,100
HSKA0002,0,HSKA0002_DG,4000,100
HSKA0002,0,HSKA0002_IV,4000,100
HSM147ASMP,0,HSM147ASMP_FIVGYM,1319000,100
HSM147ASMP,0,HSM147ASMP_NCCBGM,1319000,100
HSMD114,0,HSMD114_FIVGYM,959000,100
HSMD114,0,HSMD114_NCCBGM,959000,100
HSMD114,0,HSMD114_UMDGM,959000,100
HSM145A,0,HSM145A_FIVGY,579000,100
HSM145A,0,HSM145A_NCCBG,579000,100
HSO145AMPN,0,HSO145AMPN_GUDN,1239000,100
HSO145AMPN,0,HSO145AMPN_GUHY,1239000,100
HSO145AMPN,0,HSO145AMPN_GULU,1239000,100
HSO145AMPN,0,HSO145AMPN_OSDN,1239000,100
HSO145AMPN,0,HSO145AMPN_OSHY,1239000,100
HSO145AMPN,0,HSO145AMPN_OSLU,1239000,100
HLA0401,0,HLA0401_IVGY,49000,100
HLA0401,0,HLA0401_IVLU,49000,100
HLA0401,0,HLA0401_IVRM,49000,100
HLA0401,0,HLA0401_IVTM,49000,100
HSYD010H,0,HSYD010H_NCCGG,249000,100
HSWD010,0,HSWD010_FIVGY,999000,100
HSWD010,0,HSWD010_FIVHY,999000,100
HSK124BBE,0,HSK124BBE_IVGY,509000,100
HSK124BBE,0,HSK124BBE_IVLU,509000,100
HSK124BBE,0,HSK124BBE_IVRM,509000,100
HSK124BBE,0,HSK124BBE_IVTM,509000,100
HGA0202,0,HGA0202_BG,72000,100
HGA0202,0,HGA0202_BK,72000,100
HGA0202,0,HGA0202_DN,72000,100
HGA0202,0,HGA0202_GY,72000,100
HGA0202,0,HGA0202_HY,72000,100
HGA0202,0,HGA0202_LU,72000,100
HSOD140TO,0,HSOD140TO_GYMBK,199000,100
HSOD140TO,0,HSOD140TO_WWWW,199000,100
HSMD014,0,HSMD014_FIVGY,219000,100
HSMD014,0,HSMD014_NCCBG,219000,100
HSKA901N,0,HSKA901N_XX,150000,100
HSZD014C,0,HSZD014C_NCCGYM,349000,100
HSZD014C,0,HSZD014C_NCCSE,349000,100
HSO124BN,0,HSO124BN_GUDN,569000,100
HSO124BN,0,HSO124BN_GUHY,569000,100
HSO124BN,0,HSO124BN_GULU,569000,100
HSO124BN,0,HSO124BN_OSDN,569000,100
HSO124BN,0,HSO124BN_OSHY,569000,100
HSO124BN,0,HSO124BN_OSLU,569000,100
HSM165B,0,HSM165B_FIVGYM,729000,100
HSM165B,0,HSM165B_NCCBGM,729000,100
HSYD012L,0,HSYD012L_NCCGG,299000,100
HSYD012L,0,HSYD012L_NCCGU,299000,100
HSO125ATOR,0,HSO125ATOR_GYMBK,519000,100
HSO125ATOR,0,HSO125ATOR_WWWW,519000,100
HSM125A,0,HSM125A_FIVGY,479000,100
HSM125A,0,HSM125A_NCCBG,479000,100
HSM145B,0,HSM145B_FIVGYM,689000,100
HSM145B,0,HSM145B_NCCBGM,689000,100
HSKA0302B,0,HSKA0302B_IVGY,50000,100
HSKA0302B,0,HSKA0302B_IVLU,50000,100
HSKA0302B,0,HSKA0302B_IVRM,50000,100
HSKA0302B,0,HSKA0302B_IVTM,50000,100
HSO125AN,0,HSO125AN_GUDN,629000,100
HSO125AN,0,HSO125AN_GUHY,629000,100
HSO125AN,0,HSO125AN_GULU,629000,100
HSO125AN,0,HSO125AN_OSDN,629000,100
HSO125AN,0,HSO125AN_OSHY,629000,100
HSO125AN,0,HSO125AN_OSLU,629000,100
HSZ04,0,HSZ04_NCCGYM,929000,100
HSZ04,0,HSZ04_NCCSE,929000,100
HSZD010C,0,HSZD010C_NCCGYM,279000,100
HSZD010C,0,HSZD010C_NCCSE,279000,100
HSO146ATOR,0,HSO146ATOR_GYMBK,669000,100
HSO146ATOR,0,HSO146ATOR_WWWW,669000,100
HSO144BN,0,HSO144BN_GUDN,669000,100
HSO144BN,0,HSO144BN_GUHY,669000,100
HSO144BN,0,HSO144BN_GULU,669000,100
HSO144BN,0,HSO144BN_OSDN,669000,100
HSO144BN,0,HSO144BN_OSHY,669000,100
HSO144BN,0,HSO144BN_OSLU,669000,100
HSKA0302A,0,HSKA0302A_IVGY,50000,100
HSKA0302A,0,HSKA0302A_IVLU,50000,100
HSKA0302A,0,HSKA0302A_IVRM,50000,100
HSKA0302A,0,HSKA0302A_IVTM,50000,100
HSM125BE,0,HSM125BE_FIVGYM,499000,100
HSM125BE,0,HSM125BE_NCCBGM,499000,100
HSK121BS,0,HSK121BS_IVGY,639000,100
HSK121BS,0,HSK121BS_IVLU,639000,100
HSK121BS,0,HSK121BS_IVRM,639000,100
HSK121BS,0,HSK121BS_IVTM,639000,100
HSOD214,0,HSOD214_GUDN,899000,100
HSOD214,0,HSOD214_GUHY,899000,100
HSOD214,0,HSOD214_GULU,899000,100
HSOD214,0,HSOD214_OSDN,899000,100
HSOD214,0,HSOD214_OSHY,899000,100
HSOD214,0,HSOD214_OSLU,899000,100
HSK126AB,0,HSK126AB_IVGY,509000,100
HSK126AB,0,HSK126AB_IVLU,509000,100
HSK126AB,0,HSK126AB_IVRM,509000,100
HSK126AB,0,HSK126AB_IVTM,509000,100
HSKD612,0,HSKD612_IVGYM,1120000,100
HSKD612,0,HSKD612_IVLUW,1120000,100
HSKD612,0,HSKD612_IVRM,1120000,100
HSKD612,0,HSKD612_IVTM,1120000,100
HSO126AMPN,0,HSO126AMPN_GUDN,1229000,100
HSO126AMPN,0,HSO126AMPN_GUHY,1229000,100
HSO126AMPN,0,HSO126AMPN_GULU,1229000,100
HSO126AMPN,0,HSO126AMPN_OSDN,1229000,100
HSO126AMPN,0,HSO126AMPN_OSHY,1229000,100
HSO126AMPN,0,HSO126AMPN_OSLU,1229000,100
HSO146ATORC,0,HSO146ATORC_GYMBK,769000,100
HSO146ATORC,0,HSO146ATORC_WWWW,769000,100
HSMD816E,0,HSMD816E_FIVGYM,329000,100
HSMD816E,0,HSMD816E_NCCBGM,329000,100
HSMD816E,0,HSMD816E_UMDGM,329000,100
HAA0102,0,HAA0102_IIV,8000,100
HL08N,0,HL08N_IVBL,439000,100
HL08N,0,HL08N_IVLGN,439000,100
HL08N,0,HL08N_IVPN,439000,100
HL02N,0,HL02N_IVBL,699000,100
HL02N,0,HL02N_IVLGN,699000,100
HL02N,0,HL02N_IVPN,699000,100
HSOD120TO,0,HSOD120TO_GYMBK,179000,100
HSOD120TO,0,HSOD120TO_WWWW,179000,100
HSK124BAE,0,HSK124BAE_IVGY,559000,100
HSK124BAE,0,HSK124BAE_IVLU,559000,100
HSK124BAE,0,HSK124BAE_IVRM,559000,100
HSK124BAE,0,HSK124BAE_IVTM,559000,100
HSO126ATORC,0,HSO126ATORC_GYMBK,649000,100
HSO126ATORC,0,HSO126ATORC_WWWW,649000,100
HSKA0904,0,HSKA0904_XX,200000,100
HSMD814E,0,HSMD814E_FIVGYM,309000,100
HSMD814E,0,HSMD814E_NCCBGM,309000,100
HSMD814E,0,HSMD814E_UMDGM,309000,100
HSO145ATOR,0,HSO145ATOR_GYMBK,614000,100
HSO145ATOR,0,HSO145ATOR_WWWW,614000,100
HSOD410N,0,HSOD410N_GUDN,90000,100
HSOD410N,0,HSOD410N_GUHY,90000,100
HSOD410N,0,HSOD410N_GULU,90000,100
HSOD410N,0,HSOD410N_OSDN,90000,100
HSOD410N,0,HSOD410N_OSHY,90000,100
HSOD410N,0,HSOD410N_OSLU,90000,100
HSZ03,0,HSZ03_NCCGYM,969000,100
HSZ03,0,HSZ03_NCCSE,969000,100
HSMA0001,0,HSMA0001_XX,2000,100
HSK124BSB,0,HSK124BSB_IVGY,713000,100
HSK124BSB,0,HSK124BSB_IVLU,713000,100
HSK124BSB,0,HSK124BSB_IVRM,713000,100
HSK124BSB,0,HSK124BSB_IVTM,713000,100
HSK144BA,0,HSK144BA_IVGY,684000,100
HSK144BA,0,HSK144BA_IVLU,684000,100
HSK144BA,0,HSK144BA_IVRM,684000,100
HSK144BA,0,HSK144BA_IVTM,684000,100
HSZD014,0,HSZD014_NCCGY,249000,100
HSM125B,0,HSM125B_FIVGYM,569000,100
HSM125B,0,HSM125B_NCCBGM,569000,100
HSOD212,0,HSOD212_GUDN,859000,100
HSOD212,0,HSOD212_GUHY,859000,100
HSOD212,0,HSOD212_GULU,859000,100
HSOD212,0,HSOD212_OSDN,859000,100
HSOD212,0,HSOD212_OSHY,859000,100
HSOD212,0,HSOD212_OSLU,859000,100
HAA0601,0,HAA0601_IIV,8000,100
HSZD010,0,HSZD010_NCCGY,199000,100
HSK144BBE,0,HSK144BBE_IVGY,614000,100
HSK144BBE,0,HSK144BBE_IVLU,614000,100
HSK144BBE,0,HSK144BBE_IVRM,614000,100
HSK144BBE,0,HSK144BBE_IVTM,614000,100
HSK126ABE,0,HSK126ABE_IVGY,489000,100
HSK126ABE,0,HSK126ABE_IVLU,489000,100
HSK126ABE,0,HSK126ABE_IVRM,489000,100
HSK126ABE,0,HSK126ABE_IVTM,489000,100
HSO145ATORC,0,HSO145ATORC_GYMBK,714000,100
HSO145ATORC,0,HSO145ATORC_WWWW,714000,100
HSO126ATOR,0,HSO126ATOR_GYMBK,554000,100
HSO126ATOR,0,HSO126ATOR_WWWW,554000,100
HSOD114,0,HSOD114_GUHY,299000,100
HSOD114,0,HSOD114_GULU,299000,100
HSOD114,0,HSOD114_OSHY,299000,100
HSOD114,0,HSOD114_OSLU,299000,100
HSK144BSA,0,HSK144BSA_IVGY,883000,100
HSK144BSA,0,HSK144BSA_IVLU,883000,100
HSK144BSA,0,HSK144BSA_IVRM,883000,100
HSK144BSA,0,HSK144BSA_IVTM,883000,100
HSK121B,0,HSK121B_IVGY,455000,100
HSK121B,0,HSK121B_IVLU,455000,100
HSK121B,0,HSK121B_IVRM,455000,100
HSK121B,0,HSK121B_IVTM,455000,100
HSOD112,0,HSOD112_GUHY,249000,100
HSOD112,0,HSOD112_GULU,249000,100
HSOD112,0,HSOD112_OSHY,249000,100
HSOD112,0,HSOD112_OSLU,249000,100
HSO125ATORC,0,HSO125ATORC_GYMBK,614000,100
HSO125ATORC,0,HSO125ATORC_WWWW,614000,100
HSMD812E,0,HSMD812E_FIVGYM,259000,100
HSMD812E,0,HSMD812E_NCCBGM,259000,100
HSKD014ER,0,HSKD014ER_IV,180000,100
HLD012,0,HLD012_IV,210000,100
HSMD814,0,HSMD814_FIVGYM,379000,100
HSMD814,0,HSMD814_NCCBGM,379000,100
HSMD814,0,HSMD814_UMDGM,379000,100
HSK144BB,0,HSK144BB_IVGY,634000,100
HSK144BB,0,HSK144BB_IVLU,634000,100
HSK144BB,0,HSK144BB_IVRM,634000,100
HSK144BB,0,HSK144BB_IVTM,634000,100
HSK146AB,0,HSK146AB_IVGY,589000,100
HSK146AB,0,HSK146AB_IVLU,589000,100
HSK146AB,0,HSK146AB_IVRM,589000,100
HSK146AB,0,HSK146AB_IVTM,589000,100
HSK124BB,0,HSK124BB_IVGY,529000,100
HSK124BB,0,HSK124BB_IVLU,529000,100
HSK124BB,0,HSK124BB_IVRM,529000,100
HSK124BB,0,HSK124BB_IVTM,529000,100
HCA0918,0,HCA0918_WH,48000,100
HSZF014,0,HSZF014_GYM,100000,100
HSZF014,0,HSZF014_SE,100000,100
HSK144BSB,0,HSK144BSB_IVGY,833000,100
HSK144BSB,0,HSK144BSB_IVLU,833000,100
HSK144BSB,0,HSK144BSB_IVRM,833000,100
HSK144BSB,0,HSK144BSB_IVTM,833000,100
HSK126ASM,0,HSK126ASM_IVGYM,1499000,100
HSK126ASM,0,HSK126ASM_IVLUW,1499000,100
HSK126ASM,0,HSK126ASM_IVRM,1499000,100
HSK126ASM,0,HSK126ASM_IVTM,1499000,100
HSK146AA,0,HSK146AA_IVGY,639000,100
HSK146AA,0,HSK146AA_IVLU,639000,100
HSK146AA,0,HSK146AA_IVRM,639000,100
HSK146AA,0,HSK146AA_IVTM,639000,100
HSK146ABE,0,HSK146ABE_IVGY,569000,100
HSK146ABE,0,HSK146ABE_IVLU,569000,100
HSK146ABE,0,HSK146ABE_IVRM,569000,100
HSK146ABE,0,HSK146ABE_IVTM,569000,100
HSK126AAE,0,HSK126AAE_IVGY,539000,100
HSK126AAE,0,HSK126AAE_IVLU,539000,100
HSK126AAE,0,HSK126AAE_IVRM,539000,100
HSK126AAE,0,HSK126AAE_IVTM,539000,100
HSK141BS,0,HSK141BS_IVGY,724000,100
HSK141BS,0,HSK141BS_IVLU,724000,100
HSK141BS,0,HSK141BS_IVRM,724000,100
HSK141BS,0,HSK141BS_IVTM,724000,100
HSKD012ER,0,HSKD012ER_IV,160000,100
HSMD812,0,HSMD812_FIVGYM,329000,100
HSMD812,0,HSMD812_NCCBGM,329000,100
HSK146AAE,0,HSK146AAE_IVGY,619000,100
HSK146AAE,0,HSK146AAE_IVLU,619000,100
HSK146AAE,0,HSK146AAE_IVRM,619000,100
HSK146AAE,0,HSK146AAE_IVTM,619000,100
HSZF010,0,HSZF010_GYM,80000,100
HSZF010,0,HSZF010_SE,80000,100
HSK121BE,0,HSK121BE_IVGY,435000,100
HSK121BE,0,HSK121BE_IVLU,435000,100
HSK121BE,0,HSK121BE_IVRM,435000,100
HSK121BE,0,HSK121BE_IVTM,435000,100
HSKD012R,0,HSKD012R_IVTSS,180000,100
HSKD512F,0,HSKD512F_IVTSS,479000,100
HSKD014R,0,HSKD014R_IVTSS,200000,100
HSAA3101,0,HSAA3101_IV,43000,100
HSAA3101,0,HSAA3101_NCC,43000,100
HSK141B,0,HSK141B_IVGY,525000,100
HSK141B,0,HSK141B_IVLU,525000,100
HSK141B,0,HSK141B_IVRM,525000,100
HSK141B,0,HSK141B_IVTM,525000,100
HSK141BE,0,HSK141BE_IVGY,505000,100
HSK141BE,0,HSK141BE_IVLU,505000,100
HSK141BE,0,HSK141BE_IVRM,505000,100
HSK141BE,0,HSK141BE_IVTM,505000,100
HSKD512E,0,HSKD512E_IV,275000,100
HSKD514F,0,HSKD514F_IVTSS,549000,100
HSAA3060,0,HSAA3060_IV,30000,100
HSAA3060,0,HSAA3060_NCC,30000,100
HSKD512,0,HSKD512_IVTSS,295000,100
HSKD514E,0,HSKD514E_IV,330000,100
HSKD514,0,HSKD514_IVTSS,350000,100
HSKD612T,0,HSKD612T_IV,1120000,100
HSKD420F,0,HSKD420F_IVTSS,180000,100
HL10,0,HL10_IVBL,589000,100
HL10,0,HL10_IVLGN,589000,100
HL10,0,HL10_IVPN,589000,100
HSKD420E,0,HSKD420E_IV,185000,100
HSKD420,0,HSKD420_IVTSS,200000,100
HSAA2027,0,HSAA2027_IVM,60000,100
HSOC086,0,HSOC086_GU,219000,100
HSOC086,0,HSOC086_OS,219000,100
HSMC067ME,0,HSMC067ME_FIVGYM,349000,100
HSMC067ME,0,HSMC067ME_NCCBGM,349000,100
HSMC067E,0,HSMC067E_FIV,199000,100
HSMC067E,0,HSMC067E_LD,199000,100
HSMC067E,0,HSMC067E_NCC,199000,100
HSMC067E,0,HSMC067E_UM,199000,100
HSOC065,0,HSOC065_GU,159000,100
HSOC065,0,HSOC065_OS,159000,100
HSOC125DNA,0,HSOC125DNA_GUDN,410000,100
HSOC125DNA,0,HSOC125DNA_GUHY,410000,100
HSOC125DNA,0,HSOC125DNA_GULU,410000,100
HSOC125DNA,0,HSOC125DNA_OSDN,410000,100
HSOC125DNA,0,HSOC125DNA_OSHY,410000,100
HSOC125DNA,0,HSOC125DNA_OSLU,410000,100
HSOC085N,0,HSOC085N_GU,209000,100
HSOC085N,0,HSOC085N_OS,209000,100
HSOP03,0,HSOP03_GUDN,529000,100
HSOP03,0,HSOP03_GULU,529000,100
HSOP03,0,HSOP03_OSDN,529000,100
HSOP03,0,HSOP03_OSHY,529000,100
HSOP03,0,HSOP03_OSLU,529000,100
HSOC066,0,HSOC066_GU,169000,100
HSOC066,0,HSOC066_OS,169000,100
HSMC047E,0,HSMC047E_FIV,169000,100
HSMC047E,0,HSMC047E_LD,169000,100
HSMC047E,0,HSMC047E_NCC,169000,100
HSMC047E,0,HSMC047E_UM,169000,100
HSMC065E,0,HSMC065E_FIV,169000,100
HSMC065E,0,HSMC065E_NCC,169000,100
HSMC065E,0,HSMC065E_UM,169000,100
HSZC143,0,HSZC143_NCCGYM,305000,100
HSZC143,0,HSZC143_NCCSE,305000,100
HSMC123,0,HSMC123_NCC,210000,100
HSOP02,0,HSOP02_GUDN,499000,100
HSOP02,0,HSOP02_GUHY,499000,100
HSOP02,0,HSOP02_GULU,499000,100
HSOP02,0,HSOP02_OSDN,499000,100
HSOP02,0,HSOP02_OSHY,499000,100
HSOP02,0,HSOP02_OSLU,499000,100
HSMC045E,0,HSMC045E_FIV,139000,100
HSMC045E,0,HSMC045E_NCC,139000,100
HSMC045E,0,HSMC045E_UM,139000,100
HSOC145DN,0,HSOC145DN_GUDN,480000,100
HSOC145DN,0,HSOC145DN_GUHY,480000,100
HSOC145DN,0,HSOC145DN_GULU,480000,100
HSOC145DN,0,HSOC145DN_OSDN,480000,100
HSOC145DN,0,HSOC145DN_OSHY,480000,100
HSOC145DN,0,HSOC145DN_OSLU,480000,100
HSMC127D,0,HSMC127D_FIVGY,370000,100
HSMC127D,0,HSMC127D_NCCBG,370000,100
HSZC203,0,HSZC203_NCCGYM,335000,100
HSZC203,0,HSZC203_NCCSE,335000,100
HSYC084,0,HSYC084_GG,179000,100
HSYC084,0,HSYC084_GU,179000,100
HSYC084,0,HSYC084_NCC,179000,100
HSKC086FR,0,HSKC086FR_IVGYM,239000,100
HSKC086FR,0,HSKC086FR_IVLUW,239000,100
HSKC086FR,0,HSKC086FR_IVRM,239000,100
HSKC086FR,0,HSKC086FR_IVTM,239000,100
HSOC085O,0,HSOC085O_GYM,189000,100
HSOC085O,0,HSOC085O_WW,189000,100
HSYC124,0,HSYC124_NCCGG,289000,100
HSYC124,0,HSYC124_NCCGU,289000,100
HSOC146DN,0,HSOC146DN_GUDN,540000,100
HSOC146DN,0,HSOC146DN_GUHY,540000,100
HSOC146DN,0,HSOC146DN_GULU,540000,100
HSOC146DN,0,HSOC146DN_OSDN,540000,100
HSOC146DN,0,HSOC146DN_OSHY,540000,100
HSOC146DN,0,HSOC146DN_OSLU,540000,100
HLC066,0,HLC066_IVBL,149000,100
HLC066,0,HLC066_IVLGN,149000,100
HLC066,0,HLC066_IVPN,149000,100
HSMC125D,0,HSMC125D_FIVGY,280000,100
HSMC125D,0,HSMC125D_NCCBG,280000,100
HSOC126DNA,0,HSOC126DNA_GUDN,450000,100
HSOC126DNA,0,HSOC126DNA_GUHY,450000,100
HSOC126DNA,0,HSOC126DNA_GULU,450000,100
HSOC126DNA,0,HSOC126DNA_OSDN,450000,100
HSOC126DNA,0,HSOC126DNA_OSHY,450000,100
HSOC126DNA,0,HSOC126DNA_OSLU,450000,100
HSMC145D,0,HSMC145D_FIVGY,360000,100
HSMC145D,0,HSMC145D_NCCBG,360000,100
HSYC126,0,HSYC126_NCCBP,339000,100
HSYC126,0,HSYC126_NCCGG,339000,100
HSYC126,0,HSYC126_NCCGU,339000,100
HSOC086O,0,HSOC086O_GYM,199000,100
HSOC086O,0,HSOC086O_WW,199000,100
HSMC147D,0,HSMC147D_FIVGY,480000,100
HSMC147D,0,HSMC147D_NCCBG,480000,100
HSOC146DOR,0,HSOC146DOR_GYM,470000,100
HSOC146DOR,0,HSOC146DOR_WW,470000,100
HSAA0204R,0,HSAA0204R_DN,5000,100
HSAA0204R,0,HSAA0204R_GY,5000,100
HSAA0204R,0,HSAA0204R_HY,5000,100
HSAA0204R,0,HSAA0204R_LU,5000,100
HSAA0204R,0,HSAA0204R_RM,5000,100
HSAA0204R,0,HSAA0204R_TM,5000,100
HSYC086,0,HSYC086_BP,209000,100
HSYC086,0,HSYC086_GG,209000,100
HSYC086,0,HSYC086_GU,209000,100
HSYC086,0,HSYC086_NCC,209000,100
HSZC142,0,HSZC142_NCC,173000,100
HSOC145DOR,0,HSOC145DOR_GYM,415000,100
HSOC145DOR,0,HSOC145DOR_WW,415000,100
HSOC125DOR,0,HSOC125DOR_GYM,340000,100
HSOC125DOR,0,HSOC125DOR_WW,340000,100
HSAA0202R,0,HSAA0202R_DN,5000,100
HSAA0202R,0,HSAA0202R_GY,5000,100
HSAA0202R,0,HSAA0202R_HY,5000,100
HSAA0202R,0,HSAA0202R_LU,5000,100
HSAA0202R,0,HSAA0202R_RM,5000,100
HSAA0202R,0,HSAA0202R_TM,5000,100
HSOC126DOR,0,HSOC126DOR_GYM,375000,100
HSOC126DOR,0,HSOC126DOR_WW,375000,100
HSZC202,0,HSZC202_NCC,203000,100
HSAA0000,0,HSAA0000_GY,4000,100
HSAA0000,0,HSAA0000_XX,4000,100
HSKC066FR,0,HSKC066FR_IVGYM,179000,100
HSKC066FR,0,HSKC066FR_IVLUW,179000,100
HSKC066FR,0,HSKC066FR_IVRM,179000,100
HSKC066FR,0,HSKC066FR_IVTM,179000,100
HSCC713M,0,HSCC713M_FIV,919000,100
HSCC713M,0,HSCC713M_GU,919000,100
HSCC713M,0,HSCC713M_IV,919000,100
HSCC713M,0,HSCC713M_NCC,919000,100
HSCC713M,0,HSCC713M_OS,919000,100
HSOP313RA,0,HSOP313RA_GUDN,199000,100
HSOP313RA,0,HSOP313RA_GUHY,199000,100
HSOP313RA,0,HSOP313RA_GULU,199000,100
HSOP313RA,0,HSOP313RA_OSDN,199000,100
HSOP313RA,0,HSOP313RA_OSHY,199000,100
HSOP313RA,0,HSOP313RA_OSLU,199000,100
HSKA041,0,HSKA041_IVBG,149000,100
HSMP0303,0,HSMP0303_FIVGYM,179000,100
HSMP0303,0,HSMP0303_NCCBGM,179000,100
HSMP0303,0,HSMP0303_UMDGM,179000,100
HSMC02,0,HSMC02_FIVGYM,439000,100
HSMC02,0,HSMC02_NCCBGM,439000,100
HSOA040,0,HSOA040_GUDN,249000,100
HSOA040,0,HSOA040_GUHY,249000,100
HSOA040,0,HSOA040_GULU,249000,100
HSCC713,0,HSCC713_FIV,819000,100
HSCC713,0,HSCC713_GU,819000,100
HSCC713,0,HSCC713_IV,819000,100
HSCC713,0,HSCC713_NCC,819000,100
HSCC713,0,HSCC713_OS,819000,100
HSMC01,0,HSMC01_FIVGYM,369000,100
HSMC01,0,HSMC01_NCCBGM,369000,100
HSCC712M,0,HSCC712M_GYM,599000,100
HSCC712M,0,HSCC712M_WW,599000,100
HSLC7083NA,0,HSLC7083NA_IVKP,299000,100
HSLC7083NA,0,HSLC7083NA_IVKS,299000,100
HSKA040,0,HSKA040_IVM,90000,100
HSOC066M,0,HSOC066M_GUDN,239000,100
HSOC066M,0,HSOC066M_GUHY,239000,100
HSOC066M,0,HSOC066M_GULU,239000,100
HSOC066M,0,HSOC066M_OSDN,239000,100
HSOC066M,0,HSOC066M_OSHY,239000,100
HSOC066M,0,HSOC066M_OSLU,239000,100
HSMC7063,0,HSMC7063_FIVGYM,259000,100
HSMC7063,0,HSMC7063_NCCBGM,259000,100
HSOC065M,0,HSOC065M_GUDN,229000,100
HSOC065M,0,HSOC065M_GUHY,229000,100
HSOC065M,0,HSOC065M_GULU,229000,100
HSOC065M,0,HSOC065M_OSDN,229000,100
HSOC065M,0,HSOC065M_OSHY,229000,100
HSOC065M,0,HSOC065M_OSLU,229000,100
HSOP063,0,HSOP063_GUDN,329000,100
HSOP063,0,HSOP063_GUHY,329000,100
HSOP063,0,HSOP063_GULU,329000,100
HSOP063,0,HSOP063_OSDN,329000,100
HSOP063,0,HSOP063_OSHY,329000,100
HSOP063,0,HSOP063_OSLU,329000,100
HSYP0303,0,HSYP0303_GU,129000,100
HSOP084,0,HSOP084_GUDN,499000,100
HSOP084,0,HSOP084_GUHY,499000,100
HSOP084,0,HSOP084_GULU,499000,100
HSOP084,0,HSOP084_OSDN,499000,100
HSOP084,0,HSOP084_OSHY,499000,100
HSOP084,0,HSOP084_OSLU,499000,100
HSCC712,0,HSCC712_GYM,519000,100
HSCC712,0,HSCC712_WW,519000,100
HSOP313O,0,HSOP313O_GYM,149000,100
HSOP313O,0,HSOP313O_WW,149000,100
HL09,0,HL09_IVIIV,260000,100
HSKC02R,0,HSKC02R_IVGYM,459000,100
HSKC02R,0,HSKC02R_IVLUW,459000,100
HSKC02R,0,HSKC02R_IVRM,459000,100
HSKC02R,0,HSKC02R_IVTM,459000,100
IFM0001A,0,IFM0001A_FIVGY,389000,100
IFM0001A,0,IFM0001A_GUGY,389000,100
IFM0001A,0,IFM0001A_IVGY,389000,100
IFM0001A,0,IFM0001A_NCCBG,389000,100
IFM0001A,0,IFM0001A_OSBG,389000,100
HLP0243RN,0,HLP0243RN_IV,150000,100
IFM0000A,0,IFM0000A_FIVGY,389000,100
IFM0000A,0,IFM0000A_GUGY,389000,100
IFM0000A,0,IFM0000A_IVGY,389000,100
IFM0000A,0,IFM0000A_NCCBG,389000,100
IFM0000A,0,IFM0000A_OSBG,389000,100
IFI0008A,0,IFI0008A_FIV,170000,100
IFI0008A,0,IFI0008A_GU,170000,100
IFI0008A,0,IFI0008A_IV,170000,100
IFI0008A,0,IFI0008A_NCC,170000,100
IFI0008A,0,IFI0008A_OS,170000,100
IFL0000A,0,IFL0000A_FIV,799000,100
IFL0000A,0,IFL0000A_GU,799000,100
IFL0000A,0,IFL0000A_IV,799000,100
IFL0000A,0,IFL0000A_NCC,799000,100
IFL0000A,0,IFL0000A_OS,799000,100
HXZW0001,0,HXZW0001_XX,5500,100
HAP030E,0,HAP030E_IV,86000,100
IFW0013A,0,IFW0013A_GUDN,599000,100
IFW0013A,0,IFW0013A_GUHY,599000,100
IFW0013A,0,IFW0013A_GULU,599000,100
IFW0013A,0,IFW0013A_OSDN,599000,100
IFW0013A,0,IFW0013A_OSHY,599000,100
IFW0013A,0,IFW0013A_OSLU,599000,100
IFW0016A,0,IFW0016A_GUDN,599000,100
IFW0016A,0,IFW0016A_GUHY,599000,100
IFW0016A,0,IFW0016A_GULU,599000,100
IFW0016A,0,IFW0016A_OSDN,599000,100
IFW0016A,0,IFW0016A_OSHY,599000,100
IFW0016A,0,IFW0016A_OSLU,599000,100
IFW0019A,0,IFW0019A_GUDN,639000,100
IFW0019A,0,IFW0019A_GUHY,639000,100
IFW0019A,0,IFW0019A_GULU,639000,100
IFW0019A,0,IFW0019A_OSDN,639000,100
IFW0019A,0,IFW0019A_OSHY,639000,100
IFW0019A,0,IFW0019A_OSLU,639000,100
IFW0018A,0,IFW0018A_IVGY,539000,100
IFW0018A,0,IFW0018A_IVLU,539000,100
IFW0018A,0,IFW0018A_IVRM,539000,100
IFW0018A,0,IFW0018A_IVTM,539000,100
IFW0015A,0,IFW0015A_IVGY,499000,100
IFW0015A,0,IFW0015A_IVLU,499000,100
IFW0015A,0,IFW0015A_IVRM,499000,100
IFW0015A,0,IFW0015A_IVTM,499000,100
IFW0012A,0,IFW0012A_IVGY,499000,100
IFW0012A,0,IFW0012A_IVLU,499000,100
IFW0012A,0,IFW0012A_IVRM,499000,100
IFW0012A,0,IFW0012A_IVTM,499000,100
IFW0001A,0,IFW0001A_GUDN,498000,100
IFW0001A,0,IFW0001A_GUHY,498000,100
IFW0001A,0,IFW0001A_GULU,498000,100
IFW0001A,0,IFW0001A_OSDN,498000,100
IFW0001A,0,IFW0001A_OSHY,498000,100
IFW0001A,0,IFW0001A_OSLU,498000,100
IFW0000A,0,IFW0000A_IVGY,399000,100
IFW0000A,0,IFW0000A_IVLU,399000,100
IFW0000A,0,IFW0000A_IVRM,399000,100
IFW0000A,0,IFW0000A_IVTM,399000,100
IFW0007A,0,IFW0007A_GUDN,548000,100
IFW0007A,0,IFW0007A_GUHY,548000,100
IFW0007A,0,IFW0007A_GULU,548000,100
IFW0007A,0,IFW0007A_OSDN,548000,100
IFW0007A,0,IFW0007A_OSHY,548000,100
IFW0007A,0,IFW0007A_OSLU,548000,100
IFW0010A,0,IFW0010A_GUDN,528000,100
IFW0010A,0,IFW0010A_GUHY,528000,100
IFW0010A,0,IFW0010A_GULU,528000,100
IFW0010A,0,IFW0010A_OSDN,528000,100
IFW0010A,0,IFW0010A_OSHY,528000,100
IFW0010A,0,IFW0010A_OSLU,528000,100
IFW0006A,0,IFW0006A_IVGY,449000,100
IFW0006A,0,IFW0006A_IVLU,449000,100
IFW0006A,0,IFW0006A_IVRM,449000,100
IFW0006A,0,IFW0006A_IVTM,449000,100
IFW0014A,0,IFW0014A_FIVGY,519000,100
IFW0014A,0,IFW0014A_NCCBG,519000,100
IFI0003A,0,IFI0003A_FIVGY,255000,100
IFI0003A,0,IFI0003A_NCCBG,255000,100
IFW0020A,0,IFW0020A_FIVGY,539000,100
IFW0020A,0,IFW0020A_NCCBG,539000,100
IFI0000A,0,IFI0000A_IVGY,255000,100
IFI0000A,0,IFI0000A_IVLU,255000,100
IFI0000A,0,IFI0000A_IVRM,255000,100
IFI0000A,0,IFI0000A_IVTM,255000,100
IFW0009A,0,IFW0009A_IVGY,429000,100
IFW0009A,0,IFW0009A_IVLU,429000,100
IFW0009A,0,IFW0009A_IVRM,429000,100
IFW0009A,0,IFW0009A_IVTM,429000,100
IFI0002A,0,IFI0002A_GUDN,304000,100
IFI0002A,0,IFI0002A_GUHY,304000,100
IFI0002A,0,IFI0002A_GULU,304000,100
IFI0002A,0,IFI0002A_OSDN,304000,100
IFI0002A,0,IFI0002A_OSHY,304000,100
IFI0002A,0,IFI0002A_OSLU,304000,100
IFW0017A,0,IFW0017A_FIVGY,519000,100
IFW0017A,0,IFW0017A_NCCBG,519000,100
IFW0002A,0,IFW0002A_FIVGY,399000,100
IFW0002A,0,IFW0002A_NCCBG,399000,100
HSKP0313,0,HSKP0313_IVGYM,129000,100
HSKP0313,0,HSKP0313_IVLUW,129000,100
HSKP0313,0,HSKP0313_IVRM,129000,100
HSKP0313,0,HSKP0313_IVTM,129000,100
IFW0004A,0,IFW0004A_GUDN,498000,100
IFW0004A,0,IFW0004A_GUHY,498000,100
IFW0004A,0,IFW0004A_GULU,498000,100
IFW0004A,0,IFW0004A_OSDN,498000,100
IFW0004A,0,IFW0004A_OSHY,498000,100
IFW0004A,0,IFW0004A_OSLU,498000,100
IFW0003A,0,IFW0003A_IVGY,399000,100
IFW0003A,0,IFW0003A_IVLU,399000,100
IFW0003A,0,IFW0003A_IVRM,399000,100
IFW0003A,0,IFW0003A_IVTM,399000,100
IFI0004A,0,IFI0004A_IVGY,285000,100
IFI0004A,0,IFI0004A_IVLU,285000,100
IFI0004A,0,IFI0004A_IVRM,285000,100
IFI0004A,0,IFI0004A_IVTM,285000,100
IFI0005A,0,IFI0005A_GUDN,334000,100
IFI0005A,0,IFI0005A_GUHY,334000,100
IFI0005A,0,IFI0005A_GULU,334000,100
IFI0005A,0,IFI0005A_OSDN,334000,100
IFI0005A,0,IFI0005A_OSHY,334000,100
IFI0005A,0,IFI0005A_OSLU,334000,100
IFW0008A,0,IFW0008A_FIVGY,449000,100
IFW0008A,0,IFW0008A_NCCBG,449000,100
IFI0001A,0,IFI0001A_GUDN,304000,100
IFI0001A,0,IFI0001A_GUHY,304000,100
IFI0001A,0,IFI0001A_GULU,304000,100
IFI0001A,0,IFI0001A_OSDN,304000,100
IFI0001A,0,IFI0001A_OSHY,304000,100
IFI0001A,0,IFI0001A_OSLU,304000,100
IFW0011A,0,IFW0011A_FIVGY,429000,100
IFW0011A,0,IFW0011A_NCCBG,429000,100
IFI0006A,0,IFI0006A_GUDN,334000,100
IFI0006A,0,IFI0006A_GUHY,334000,100
IFI0006A,0,IFI0006A_GULU,334000,100
IFI0006A,0,IFI0006A_OSDN,334000,100
IFI0006A,0,IFI0006A_OSHY,334000,100
IFI0006A,0,IFI0006A_OSLU,334000,100
IFW0005A,0,IFW0005A_FIVGY,399000,100
IFW0005A,0,IFW0005A_NCCBG,399000,100
IFI0007A,0,IFI0007A_FIVGY,285000,100
IFI0007A,0,IFI0007A_NCCBG,285000,100
HSKC7185,0,HSKC7185_IVGYM,449000,100
HSKC7185,0,HSKC7185_IVLUW,449000,100
HSKC7185,0,HSKC7185_IVRM,449000,100
HSKC7185,0,HSKC7185_IVTM,449000,100
HSKC7163,0,HSKC7163_IVGYM,259000,100
HSKC7163,0,HSKC7163_IVLUW,259000,100
HSKC7163,0,HSKC7163_IVRM,259000,100
HSKC7163,0,HSKC7163_IVTM,259000,100
HSKC7063N,0,HSKC7063N_FIVLPW,250000,100
HDA510811,0,HDA510811_UW,349000,100
HPEC126F,0,HPEC126F_NCCGYM,499000,100
HPEC126F,0,HPEC126F_NCCIV,499000,100
HPEC126,0,HPEC126_NCCGYM,399000,100
HPEC126,0,HPEC126_NCCIV,399000,100
HSFC086NA,0,HSFC086NA_IV,219000,100
HSFC086NA,0,HSFC086NA_NCC,219000,100
HC60Y161,0,HC60Y161_CGDIO,679000,100
HC60Y161,0,HC60Y161_GYNCC,679000,100
HC50Y18EL,0,HC50Y18EL_GYMLD,239000,100
HC50Y12M,0,HC50Y12M_GYMLD,289000,100
HSFC066NA,0,HSFC066NA_IV,169000,100
HSFC066NA,0,HSFC066NA_NCC,169000,100
HSPC084,0,HSPC084_GUDG,199000,100
HSPC084,0,HSPC084_NCCBG,199000,100
HSPC084,0,HSPC084_NCCGG,199000,100
HSVA0001,0,HSVA0001_NCC,50000,100
HSVA0001,0,HSVA0001_WP,50000,100
HC50Y12EL,0,HC50Y12EL_GYMLD,159000,100
HSFC084N,0,HSFC084N_IV,189000,100
HSFC084N,0,HSFC084N_NCC,189000,100
HSFC083N,0,HSFC083N_IV,139000,100
HSFC083N,0,HSFC083N_NCC,139000,100
HSFC063N,0,HSFC063N_IV,99000,100
HSFC063N,0,HSFC063N_NCC,99000,100
HSFC064N,0,HSFC064N_IV,139000,100
HSFC064N,0,HSFC064N_NCC,139000,100
HSPC184,0,HSPC184_GUDG,269000,100
HSPC184,0,HSPC184_NCCBG,269000,100
HSPC184,0,HSPC184_NCCGG,269000,100
HC60Y101HG,0,HC60Y101HG_CGDIO,859000,100
HC60Y101HG,0,HC60Y101HG_GYNCC,859000,100
HSPC286,0,HSPC286_GUDG,359000,100
HSPC286,0,HSPC286_NCCBG,359000,100
HSFC082N,0,HSFC082N_IV,109000,100
HSFC082N,0,HSFC082N_NCC,109000,100
HSFC182N,0,HSFC182N_IV,119000,100
HSFC182N,0,HSFC182N_NCC,119000,100
HSPC1000P,0,HSPC1000P_2F1,17000,100
HSPC1000P,0,HSPC1000P_2F2,17000,100
HC50Y06ML,0,HC50Y06ML_GYMLD,149000,100
HSPA0001,0,HSPA0001_NCC,19000,100
HSFC162N,0,HSFC162N_IV,89000,100
HSFC162N,0,HSFC162N_NCC,89000,100
HSPC164,0,HSPC164_GUDG,249000,100
HSPC164,0,HSPC164_NCCBG,249000,100
HSPC164,0,HSPC164_NCCGG,249000,100
HSFC062N,0,HSFC062N_IV,79000,100
HSFC062N,0,HSFC062N_NCC,79000,100
HSPC086,0,HSPC086_GUDG,258000,100
HSPC086,0,HSPC086_NCCBG,258000,100
HSPC086,0,HSPC086_NCCGG,258000,100
HSPC486,0,HSPC486_NCCGG,329000,100
HSFA0061N,0,HSFA0061N_IV,20000,100
HSFA0061N,0,HSFA0061N_NCC,20000,100
HSFA0061N,0,HSFA0061N_UA,20000,100
HSFC046N,0,HSFC046N_IV,139000,100
HSFC046N,0,HSFC046N_NCC,139000,100
HSPC124,0,HSPC124_GUDG,349000,100
HSPC124,0,HSPC124_NCCBG,349000,100
HSPC064,0,HSPC064_GUDG,179000,100
HSPC064,0,HSPC064_NCCBG,179000,100
HSPC064,0,HSPC064_NCCGG,179000,100
HSPC186,0,HSPC186_GUDG,328000,100
HSPC186,0,HSPC186_NCCBG,328000,100
HSPC266,0,HSPC266_GUDG,329000,100
HSPC266,0,HSPC266_NCCBG,329000,100
HC400611,0,HC400611_GYM,150000,100
HC400611,0,HC400611_IV,150000,100
HSPC284,0,HSPC284_GUDG,300000,100
HSPC284,0,HSPC284_NCCBG,300000,100
HSFA1061N,0,HSFA1061N_IV,20000,100
HSFA1061N,0,HSFA1061N_NCC,20000,100
HSFA1061N,0,HSFA1061N_UA,20000,100
HSFC044N,0,HSFC044N_IV,119000,100
HSFC044N,0,HSFC044N_NCC,119000,100
HSPC066,0,HSPC066_GUDG,229000,100
HSPC066,0,HSPC066_NCCBG,229000,100
HSPC066,0,HSPC066_NCCGG,229000,100
HSPC264,0,HSPC264_GUDG,279000,100
HSPC264,0,HSPC264_NCCBG,279000,100
HC400612,0,HC400612_GYM,193000,100
HC400612,0,HC400612_IV,193000,100
HSPC166,0,HSPC166_GUDG,299000,100
HSPC166,0,HSPC166_NCCBG,299000,100
HSPC586,0,HSPC586_NCCGG,389000,100
HC80Y12EEL,0,HC80Y12EEL_CZ,239000,100
HC403001,0,HC403001_GYMDIO,1583000,100
HC403001,0,HC403001_IVNCC,1583000,100
HSPC566,0,HSPC566_NCCGG,359000,100
HC70Y09EL,0,HC70Y09EL_CZCZ,329000,100
HC70Y09EL,0,HC70Y09EL_CZHV,329000,100
HC70Y09EL,0,HC70Y09EL_CZSE,329000,100
HC80Y04EEW,0,HC80Y04EEW_CZ,199000,100
HC401801,0,HC401801_GYMDIO,889000,100
HC401801,0,HC401801_IVNCC,889000,100
HSFC124,0,HSFC124_IV,239000,100
HSFC124,0,HSFC124_NCC,239000,100
HC400623,0,HC400623_GYM,347000,100
HC400623,0,HC400623_IV,347000,100
HC402411,0,HC402411_GYM,600000,100
HC402411,0,HC402411_IV,600000,100
HC402412,0,HC402412_GYM,772000,100
HC402412,0,HC402412_IV,772000,100
HSFC122,0,HSFC122_IV,139000,100
HSFC122,0,HSFC122_NCC,139000,100
HC400613,0,HC400613_GYM,289000,100
HC400613,0,HC400613_IV,289000,100
HC70H04EEF,0,HC70H04EEF_3J1,35000,100
HC400602,0,HC400602_GYM,135000,100
HC400602,0,HC400602_IV,135000,100
HC400603,0,HC400603_GYM,231000,100
HC400603,0,HC400603_IV,231000,100
HC400601,0,HC400601_GYM,99000,100
HC400601,0,HC400601_IV,99000,100
HSFA161,0,HSFA161_IV,33000,100
HSFA161,0,HSFA161_NCC,33000,100
HSVA004,0,HSVA004_BGMBG,240000,100
HSVA004,0,HSVA004_FKFK,240000,100
HSVA004,0,HSVA004_GYM,240000,100
HSVA004,0,HSVA004_SE,240000,100
HSQE03,0,HSQE03_FIVLA,1129000,100
HSQE03,0,HSQE03_FIVLU,1129000,100
HSQE02,0,HSQE02_FIVLA,1399000,100
HSQE02,0,HSQE02_FIVLU,1399000,100
HSLE01N,0,HSLE01N_IVGY,2099000,100
HSLE01N,0,HSLE01N_IVIVKP,2099000,100
HSLE01N,0,HSLE01N_IVIVKS,2099000,100
HSLE01N,0,HSLE01N_IVKB,2099000,100
HSLE01N,0,HSLE01N_IVKR,2099000,100
HSLE110N,0,HSLE110N_GY,729000,100
HSLE110N,0,HSLE110N_IV,729000,100
HSLE110N,0,HSLE110N_KB,729000,100
HSLE110N,0,HSLE110N_KP,729000,100
HSLE110N,0,HSLE110N_KR,729000,100
HSLE110N,0,HSLE110N_KS,729000,100
HSTE011,0,HSTE011_3W1IV,764000,100
HSTE011,0,HSTE011_3W3IV,764000,100
HSTE011,0,HSTE011_3W7IV,764000,100
HSLE02N,0,HSLE02N_IVGY,2239000,100
HSLE02N,0,HSLE02N_IVIVKP,2239000,100
HSLE02N,0,HSLE02N_IVIVKS,2239000,100
HSLE02N,0,HSLE02N_IVKB,2239000,100
HSLE02N,0,HSLE02N_IVKR,2239000,100
HSQE01,0,HSQE01_FIVLA,1229000,100
HSQE01,0,HSQE01_FIVLU,1229000,100
HSQE010,0,HSQE010_FIVLA,549000,100
HSQE010,0,HSQE010_FIVLU,549000,100
HSTE111,0,HSTE111_IV,596000,100
HSQE05,0,HSQE05_FIVLA,699000,100
HSQE05,0,HSQE05_FIVLU,699000,100
HSQA0004,0,HSQA0004_LA,35000,100
HSQA0004,0,HSQA0004_LU,35000,100
HSAE02RA,0,HSAE02RA_IVRM,1199000,100
HSAE02RA,0,HSAE02RA_IVTM,1199000,100
HSQE110,0,HSQE110_FIV,154000,100
HSQA450,0,HSQA450_FIVLA,51000,100
HSQA450,0,HSQA450_FIVLU,51000,100
HSQA450,0,HSQA450_OSLA,51000,100
HSQA450,0,HSQA450_OSLU,51000,100
HSQA0005,0,HSQA0005_GY,27000,100
HSQE017GL,0,HSQE017GL_GYMLA,94000,100
HSQE017GL,0,HSQE017GL_GYMLU,94000,100
HSLE001PN,0,HSLE001PN_GYM,70000,100
HSLE001PN,0,HSLE001PN_IV,70000,100
HSLE001PN,0,HSLE001PN_KB,70000,100
HSLE001PN,0,HSLE001PN_KP,70000,100
HSLE001PN,0,HSLE001PN_KR,70000,100
HSLE001PN,0,HSLE001PN_KS,70000,100
HSRE08SS,0,HSRE08SS_3W1OS,1220000,100
HSRE08SS,0,HSRE08SS_3W3OS,1220000,100
HSRE08SS,0,HSRE08SS_3W7OS,1220000,100
HSTE0011C,0,HSTE0011C_3W1,125000,100
HSTE0011C,0,HSTE0011C_3W3,125000,100
HSTE0011C,0,HSTE0011C_3W7,125000,100
HSQA0002,0,HSQA0002_LAW,27000,100
HSQA0002,0,HSQA0002_LUW,27000,100
HSQE013GL,0,HSQE013GL_GYMLA,71000,100
HSQE013GL,0,HSQE013GL_GYMLU,71000,100
HSQE02P,0,HSQE02P_FIVLA,1469000,100
HSQE02P,0,HSQE02P_FIVLU,1469000,100
HSRE110G,0,HSRE110G_3W1,183000,100
HSRE110G,0,HSRE110G_3W3,183000,100
HSRE110G,0,HSRE110G_3W7,183000,100
HSAE02LA,0,HSAE02LA_IVRM,1199000,100
HSAE02LA,0,HSAE02LA_IVTM,1199000,100
HSAE03,0,HSAE03_IV,414000,100
HSRE04SS,0,HSRE04SS_3W1OS,1269000,100
HSRE04SS,0,HSRE04SS_3W3OS,1269000,100
HSRE04SS,0,HSRE04SS_3W7OS,1269000,100
HSAE01LA,0,HSAE01LA_IVRM,1069000,100
HSAE01LA,0,HSAE01LA_IVTM,1069000,100
HSRE01SS,0,HSRE01SS_3W1OS,869000,100
HSRE01SS,0,HSRE01SS_3W3OS,869000,100
HSRE01SS,0,HSRE01SS_3W7OS,869000,100
HSQE01P,0,HSQE01P_FIVLA,1299000,100
HSQE01P,0,HSQE01P_FIVLU,1299000,100
HSAE01RA,0,HSAE01RA_IVRM,1069000,100
HSAE01RA,0,HSAE01RA_IVTM,1069000,100
HSAE02R,0,HSAE02R_IVRM,1129000,100
HSAE02R,0,HSAE02R_IVTM,1129000,100
IBF0001A,0,IBF0001A_IV,399000,100
IBF0001A,0,IBF0001A_RM,399000,100
IBF0001A,0,IBF0001A_TM,399000,100
HSAE001P,0,HSAE001P_GYM,128000,100
HSRE06SS,0,HSRE06SS_3W1OS,635000,100
HSRE06SS,0,HSRE06SS_3W3OS,635000,100
HSRE06SS,0,HSRE06SS_3W7OS,635000,100
HSAE02L,0,HSAE02L_IVRM,1129000,100
HSAE02L,0,HSAE02L_IVTM,1129000,100
HSRE03SS,0,HSRE03SS_3W1OS,1039000,100
HSRE03SS,0,HSRE03SS_3W3OS,1039000,100
HSRE03SS,0,HSRE03SS_3W7OS,1039000,100
HSAE01R,0,HSAE01R_IVRM,999000,100
HSAE01R,0,HSAE01R_IVTM,999000,100
HSRE02SS,0,HSRE02SS_3W1OS,1099000,100
HSRE02SS,0,HSRE02SS_3W3OS,1099000,100
HSRE02SS,0,HSRE02SS_3W7OS,1099000,100
HSRE05SS,0,HSRE05SS_3W1OS,1269000,100
HSRE05SS,0,HSRE05SS_3W3OS,1269000,100
HSRE05SS,0,HSRE05SS_3W7OS,1269000,100
HSAE01L,0,HSAE01L_IVRM,999000,100
HSAE01L,0,HSAE01L_IVTM,999000,100
HSRE07SS,0,HSRE07SS_3W1OS,725000,100
HSRE07SS,0,HSRE07SS_3W3OS,725000,100
HSRE07SS,0,HSRE07SS_3W7OS,725000,100
IBF0002A,0,IBF0002A_IV,379000,100
IBF0002A,0,IBF0002A_RM,379000,100
IBF0002A,0,IBF0002A_TM,379000,100
HSRE111G,0,HSRE111G_3W1,219000,100
HSRE111G,0,HSRE111G_3W3,219000,100
HSRE111G,0,HSRE111G_3W7,219000,100
IBF0000A,0,IBF0000A_IV,339000,100
IBF0000A,0,IBF0000A_RM,339000,100
IBF0000A,0,IBF0000A_TM,339000,100
HSRE011G,0,HSRE011G_3W1,309000,100
HSRE011G,0,HSRE011G_3W3,309000,100
HSRE011G,0,HSRE011G_3W7,309000,100
HSLD112H,0,HSLD112H_FIVLA,169000,100
HSLD112H,0,HSLD112H_FIVLU,169000,100
HSLD112H,0,HSLD112H_IVGY,169000,100
HSLD112H,0,HSLD112H_IVKB,169000,100
HSLD112H,0,HSLD112H_IVKR,169000,100
HSLD112H,0,HSLD112H_MLCA,169000,100
HSLD108,0,HSLD108_FIVLA,99000,100
HSLD108,0,HSLD108_FIVLU,99000,100
HSLD108,0,HSLD108_IVGY,99000,100
HSLD108,0,HSLD108_IVKB,99000,100
HSLD108,0,HSLD108_IVKR,99000,100
HSLD108,0,HSLD108_MLCA,99000,100
HSLD112AH,0,HSLD112AH_IVGY,169000,100
HSLD112AH,0,HSLD112AH_IVKB,169000,100
HSLD112AH,0,HSLD112AH_IVKR,169000,100
HSWD2007,0,HSWD2007_PW,399000,100
HSWD0007,0,HSWD0007_PW,399000,100
HSLD108BH,0,HSLD108BH_IVKB,149000,100
HSLD108BH,0,HSLD108BH_IVKR,149000,100
HSLD108BH,0,HSLD108BH_OSCA,149000,100
HSWD1007,0,HSWD1007_PW,399000,100
HSFS123,0,HSFS123_IVGYM,259000,100
HSFS080,0,HSFS080_IVGY,159000,100
HSFS080,0,HSFS080_IVKB,159000,100
HSFS080,0,HSFS080_IVKP,159000,100
HSFS090,0,HSFS090_GYM3J2,549000,100
HSFC123,0,HSFC123_IV,139000,100
HSFP143,0,HSFP143_IVGYHY,229000,100
HSFP143,0,HSFP143_IVIVGY,229000,100
HSFP143,0,HSFP143_IVKPGY,229000,100
HSFP143,0,HSFP143_IVKPKR,229000,100
HSFP143,0,HSFP143_IVKSGY,229000,100
HSFP143,0,HSFP143_IVKSKB,229000,100
HSLC580N,0,HSLC580N_IVKP,199000,100
HSLC580N,0,HSLC580N_IVKS,199000,100
HSFM143,0,HSFM143_IVIVGY,229000,100
HSFM143,0,HSFM143_IVIVHY,229000,100
HSFM143,0,HSFM143_IVIVIV,229000,100
HSFM143,0,HSFM143_IVIVKB,229000,100
HSFM143,0,HSFM143_IVIVKR,229000,100
HSFA062,0,HSFA062_IVGY,129000,100
HSFA062,0,HSFA062_IVHY,129000,100
HSFA062,0,HSFA062_IVIV,129000,100
HSFA062,0,HSFA062_IVKB,129000,100
HSFA062,0,HSFA062_IVKR,129000,100
HSFS103,0,HSFS103_IVIVGY,169000,100
HSFS103,0,HSFS103_IVIVHY,169000,100
HSFS103,0,HSFS103_IVIVIV,169000,100
HSFS103,0,HSFS103_IVIVKB,169000,100
HSFS103,0,HSFS103_IVIVKR,169000,100
HSFC083C,0,HSFC083C_IV,119000,100
HSFP093,0,HSFP093_IVGYHY,159000,100
HSFP093,0,HSFP093_IVIVGY,159000,100
HSFP093,0,HSFP093_IVKPGY,159000,100
HSFP093,0,HSFP093_IVKPKR,159000,100
HSFP093,0,HSFP093_IVKSGY,159000,100
HSFP093,0,HSFP093_IVKSKB,159000,100
HSLA151N,0,HSLA151N_IVKP,169000,100
HSFP191,0,HSFP191_IVGY,139000,100
HSFP191,0,HSFP191_IVHY,139000,100
HSFP191,0,HSFP191_IVIV,139000,100
HSFP191,0,HSFP191_IVKB,139000,100
HSFP191,0,HSFP191_IVKR,139000,100
HSFM093,0,HSFM093_IVIVGY,159000,100
HSFM093,0,HSFM093_IVIVHY,159000,100
HSFM093,0,HSFM093_IVIVIV,159000,100
HSFM093,0,HSFM093_IVIVKB,159000,100
HSFM093,0,HSFM093_IVIVKR,159000,100
HSLA563,0,HSLA563_IVKP,129000,100
HSLA563,0,HSLA563_IVKS,129000,100
HSLA563,0,HSLA563_KBKP,129000,100
HSLA563,0,HSLA563_KRKS,129000,100
HSFC581,0,HSFC581_IVGYHY,319000,100
HSFC581,0,HSFC581_IVIVGY,319000,100
HSFC581,0,HSFC581_IVKPGY,319000,100
HSFC581,0,HSFC581_IVKPKR,319000,100
HSFC581,0,HSFC581_IVKSGY,319000,100
HSFC581,0,HSFC581_IVKSKB,319000,100
HSFS113,0,HSFS113_IVGYHY,189000,100
HSFS113,0,HSFS113_IVIVGY,189000,100
HSFS113,0,HSFS113_IVKPGY,189000,100
HSFS113,0,HSFS113_IVKPKR,189000,100
HSFS113,0,HSFS113_IVKSGY,189000,100
HSFS113,0,HSFS113_IVKSKB,189000,100
HSFA162,0,HSFA162_IVIVGY,99000,100
HSFA162,0,HSFA162_IVIVHY,99000,100
HSFA162,0,HSFA162_IVIVIV,99000,100
HSFA162,0,HSFA162_IVKPKR,99000,100
HSFA162,0,HSFA162_IVKSKB,99000,100
HSFM096,0,HSFM096_IVIVGY,239000,100
HSFM096,0,HSFM096_IVIVHY,239000,100
HSFM096,0,HSFM096_IVIVIV,239000,100
HSFM096,0,HSFM096_IVIVKB,239000,100
HSFM096,0,HSFM096_IVIVKR,239000,100
HSFC582,0,HSFC582_IVGY,459000,100
HSLC064N,0,HSLC064N_IVKPKR,116000,100
HSLC064N,0,HSLC064N_IVKSKB,116000,100
HCS4400S,0,HCS4400S_F263,99000,100
HSFC580,0,HSFC580_IVGY,199000,100
HSLA0040H,0,HSLA0040H_GY,4000,100
HSLA0040H,0,HSLA0040H_HY,4000,100
HSLA0040H,0,HSLA0040H_IV,4000,100
HSLA0040H,0,HSLA0040H_KB,4000,100
HSLA0040H,0,HSLA0040H_KP,4000,100
HSLA0040H,0,HSLA0040H_KR,4000,100
HSLA0040H,0,HSLA0040H_KS,4000,100
HSLC581,0,HSLC581_IVKP,498000,100
HSLC581,0,HSLC581_IVKS,498000,100
HSFC8083,0,HSFC8083_IVGY,260000,100
HSLC064EN,0,HSLC064EN_IVKPKR,169000,100
HSLC064EN,0,HSLC064EN_IVKSKB,169000,100
HSLA0041,0,HSLA0041_IV,3000,100
HSLA0050,0,HSLA0050_IV,8000,100
HSLA0050,0,HSLA0050_KB,8000,100
HSLA0050,0,HSLA0050_KR,8000,100
HSLC051W,0,HSLC051W_KBKP,65000,100
HSLC051W,0,HSLC051W_KRKS,65000,100
HSRP0303,0,HSRP0303_OSGYM,209000,100
HSFP0060,0,HSFP0060_IV,109000,100
HSLA0040L,0,HSLA0040L_IV,3000,100
HSLA0051,0,HSLA0051_IV,3000,100
HSFS0060,0,HSFS0060_IV,109000,100
HSQS010,0,HSQS010_FIVGYM,229000,100
HSQC090,0,HSQC090_FIV,139000,100
HSQM095,0,HSQM095_FIVGY,139000,100
HSQP095,0,HSQP095_FIVGY,159000,100
IPK0001A,0,IPK0001A_IVGY,499000,100
ICS0000A,0,ICS0000A_IV,169000,100
IPK0002A,0,IPK0002A_IVGYHY,619000,100
IPK0002A,0,IPK0002A_IVIVGY,619000,100
IPK0002A,0,IPK0002A_IVKPGY,619000,100
IPK0002A,0,IPK0002A_IVKPKR,619000,100
IPK0002A,0,IPK0002A_IVKSGY,619000,100
IPK0002A,0,IPK0002A_IVKSKB,619000,100
IPP80AP00A,0,IPP80AP00A_IVGY,300000,100
ICB0000A,0,ICB0000A_IV,179000,100
HSVD015,0,HSVD015_WP,550000,100
HSUD014P,0,HSUD014P_NCCGG,360000,100
HSMD410C,0,HSMD410C_UMDGM,190000,100
HSMD816,0,HSMD816_FIVGYM,399000,100
HSMD816,0,HSMD816_NCCBGM,399000,100
HSMD816,0,HSMD816_UMDGM,399000,100
HSJD012HP,0,HSJD012HP_FIVCHO,209000,100
HSJD012HP,0,HSJD012HP_UACHO,209000,100
HSGD122,0,HSGD122_IV,319000,100
HSGD122,0,HSGD122_NCC,319000,100
HSGD082,0,HSGD082_IV,269000,100
HSGD082,0,HSGD082_NCC,269000,100
HSGD120,0,HSGD120_IV,149000,100
HSGD120,0,HSGD120_NCC,149000,100
HSGD080,0,HSGD080_IV,109000,100
HSGD080,0,HSGD080_NCC,109000,100
HSGD123,0,HSGD123_IV,419000,100
HSGD123,0,HSGD123_NCC,419000,100
HSGD123P,0,HSGD123P_IV,598000,100
HSGD123P,0,HSGD123P_NCC,598000,100
HSG120HP,0,HSG120HP_IV,489000,100
HSG120HP,0,HSG120HP_NCC,489000,100
HSJD012,0,HSJD012_FIVCHO,123000,100
HSJD012,0,HSJD012_UACHO,123000,100
HSGD160P,0,HSGD160P_IV,368000,100
HSGD160P,0,HSGD160P_NCC,368000,100
HSGD083,0,HSGD083_IV,369000,100
HSGD083,0,HSGD083_NCC,369000,100
HSGA0006,0,HSGA0006_GY,32000,100
HSGA0005,0,HSGA0005_GY,10000,100
HSGD120C,0,HSGD120C_IV,248000,100
HSGD120C,0,HSGD120C_NCC,248000,100
HSG01A,0,HSG01A_IV,382000,100
HSG01A,0,HSG01A_NCC,382000,100
HSG120H,0,HSG120H_IV,299000,100
HSG120H,0,HSG120H_NCC,299000,100
HSGD080E,0,HSGD080E_IV,129000,100
HSGD080E,0,HSGD080E_NCC,129000,100
HSG160HP,0,HSG160HP_IV,499000,100
HSG160HP,0,HSG160HP_NCC,499000,100
HSGA010,0,HSGA010_GY,59000,100
HSGD160CA,0,HSGD160CA_IV,331000,100
HSGD160CA,0,HSGD160CA_NCC,331000,100
HSGD120P,0,HSGD120P_IV,328000,100
HSGD120P,0,HSGD120P_NCC,328000,100
HSGD240P,0,HSGD240P_IV,497000,100
HSGD240P,0,HSGD240P_NCC,497000,100
HSGD163P,0,HSGD163P_IV,648000,100
HSGD163P,0,HSGD163P_NCC,648000,100
HSGD160C,0,HSGD160C_IV,288000,100
HSGD160C,0,HSGD160C_NCC,288000,100
HSGD120E,0,HSGD120E_IV,169000,100
HSGD120E,0,HSGD120E_NCC,169000,100
HSGA0004,0,HSGA0004_GY,4000,100
HSGA0001,0,HSGA0001_GY,15000,100
HSGA0003,0,HSGA0003_GY,28000,100
HSGD120CA,0,HSGD120CA_IV,278000,100
HSGA0002,0,HSGA0002_GY,12000,100
HSGD162P,0,HSGD162P_IV,548000,100
HSGD162P,0,HSGD162P_NCC,548000,100
HSGD122P,0,HSGD122P_IV,498000,100
HSGD122P,0,HSGD122P_NCC,498000,100
HSGD163C,0,HSGD163C_IV,568000,100
HSGD163C,0,HSGD163C_NCC,568000,100
HSGD162C,0,HSGD162C_IV,468000,100
HSGD162C,0,HSGD162C_NCC,468000,100
HSGD122C,0,HSGD122C_IV,418000,100
HSGD122C,0,HSGD122C_NCC,418000,100
HSGD123C,0,HSGD123C_IV,518000,100
HSGD123C,0,HSGD123C_NCC,518000,100
HSJC0103,0,HSJC0103_FIVBGM,189000,100
HSJC0063,0,HSJC0063_FIVBGM,129000,100
HSYB082,0,HSYB082_BP,118000,100
HSYB082,0,HSYB082_GG,118000,100
HSYB082,0,HSYB082_GU,118000,100
HSYB082,0,HSYB082_NCC,118000,100
HSYB042,0,HSYB042_NCC,59000,100
HSVP042,0,HSVP042_WP,250000,100
HSMP1303,0,HSMP1303_UMDGM,219000,100
HSGP0303,0,HSGP0303_GYM,100000,100
HSNA1010,0,HSNA1010_FY,158000,100
HSNA1010,0,HSNA1010_GY,158000,100
HSNA1010,0,HSNA1010_LA,158000,100
HSNA1010,0,HSNA1010_LU,158000,100
HSLA380N,0,HSLA380N_KBKP,159000,100
HSLA380N,0,HSLA380N_KRKS,159000,100
HSLA380N,0,HSLA380N_LAWGY,159000,100
HSLA380N,0,HSLA380N_LUWGY,159000,100
HSBA0006,0,HSBA0006_A607,134000,100
HSBA0006,0,HSBA0006_A609,134000,100
HCS4006A,0,HCS4006A_A440P,99000,100
HCS4006A,0,HCS4006A_A443P,99000,100
HCS4006A,0,HCS4006A_A444P,99000,100
HCH2711A,0,HCH2711A_A441D,169000,100
HCH2711A,0,HCH2711A_A443C,169000,100
HCH2711A,0,HCH2711A_A443D,169000,100
HCH2711A,0,HCH2711A_A444C,169000,100
HCH2711A,0,HCH2711A_A444P,169000,100
HCH2711A,0,HCH2711A_A449P,169000,100
HCH2000A,0,HCH2000A_A440P,94000,100
HCH2000A,0,HCH2000A_A443D,94000,100
HCH2000A,0,HCH2000A_A444P,94000,100
HCS4003A,0,HCS4003A_A440P,99000,100
HCS4003A,0,HCS4003A_A444P,99000,100
HCH2200A,0,HCH2200A_A441D,139000,100
HCH2200A,0,HCH2200A_A443C,139000,100
HCH2200A,0,HCH2200A_A443D,139000,100
HCH2200A,0,HCH2200A_A444C,139000,100
HCH2200A,0,HCH2200A_A444P,139000,100
HCH271A,0,HCH271A_A443D,182000,100
HCH271A,0,HCH271A_A444P,182000,100
HCS4007A,0,HCS4007A_A445,99000,100
HCS4018A,0,HCS4018A_A442L,120000,100
HCS4017A,0,HCS4017A_A444S,120000,100
HCS4016A,0,HCS4016A_A441D,99000,100
HVCS4002A,0,HVCS4002A_A440P,99000,100
HVCS4002A,0,HVCS4002A_A443D,99000,100
HCS4019A,0,HCS4019A_A443F,120000,100
HVCS4001A,0,HVCS4001A_A443C,89000,100
HVCS4001A,0,HVCS4001A_A444C,89000,100
HVCS4001A,0,HVCS4001A_A444P,89000,100
HVCS4001A,0,HVCS4001A_A449P,89000,100
HCS4020A,0,HCS4020A_A440P,130000,100
HSSE270,0,HSSE270_FIV,452000,100
HSSE270,0,HSSE270_GUDN,452000,100
HSSE270,0,HSSE270_GUHY,452000,100
HSSE270,0,HSSE270_GULU,452000,100
HSSE270,0,HSSE270_IVGYM,452000,100
HSSE270,0,HSSE270_IVLUW,452000,100
HSSE270,0,HSSE270_IVRM,452000,100
HSSE270,0,HSSE270_IVTM,452000,100
HSSE270,0,HSSE270_NCC,452000,100
HSSE270,0,HSSE270_OSDN,452000,100
HSSE270,0,HSSE270_OSHY,452000,100
HSSE270,0,HSSE270_OSLU,452000,100
HA42E03EL,0,HA42E03EL_GU,47000,100
HA42E03EL,0,HA42E03EL_IV,47000,100
HA42E03EL,0,HA42E03EL_NCC,47000,100
HA42E03EL,0,HA42E03EL_OS,47000,100
HSSE270E,0,HSSE270E_GUHY,579000,100
HSSE270E,0,HSSE270E_GULU,579000,100
HSSE270E,0,HSSE270E_OSHY,579000,100
HSSE270E,0,HSSE270E_OSLU,579000,100
HSSE280P,0,HSSE280P_FIVGYM,629000,100
HSSE280P,0,HSSE280P_GUDN,629000,100
HSSE280P,0,HSSE280P_GUHY,629000,100
HSSE280P,0,HSSE280P_GULU,629000,100
HSSE280P,0,HSSE280P_IVGYM,629000,100
HSSE280P,0,HSSE280P_IVLUW,629000,100
HSSE280P,0,HSSE280P_IVRM,629000,100
HSSE280P,0,HSSE280P_IVTM,629000,100
HSSE280P,0,HSSE280P_NCCBGM,629000,100
HSSE280P,0,HSSE280P_OSDN,629000,100
HSSE280P,0,HSSE280P_OSHY,629000,100
HSSE280P,0,HSSE280P_OSLU,629000,100
HSSE250LP,0,HSSE250LP_FIVGYM,1739000,100
HSSE250LP,0,HSSE250LP_GUDN,1739000,100
HSSE250LP,0,HSSE250LP_GUHY,1739000,100
HSSE250LP,0,HSSE250LP_GULU,1739000,100
HSSE250LP,0,HSSE250LP_NCCBGM,1739000,100
HSSE250LP,0,HSSE250LP_OSDN,1739000,100
HSSE250LP,0,HSSE250LP_OSHY,1739000,100
HSSE250LP,0,HSSE250LP_OSLU,1739000,100
HSSE280,0,HSSE280_FIV,519000,100
HSSE280,0,HSSE280_GUDN,519000,100
HSSE280,0,HSSE280_GUHY,519000,100
HSSE280,0,HSSE280_GULU,519000,100
HSSE280,0,HSSE280_IVGYM,519000,100
HSSE280,0,HSSE280_IVLUW,519000,100
HSSE280,0,HSSE280_IVRM,519000,100
HSSE280,0,HSSE280_IVTM,519000,100
HSSE280,0,HSSE280_NCC,519000,100
HSSE280,0,HSSE280_OSDN,519000,100
HSSE280,0,HSSE280_OSHY,519000,100
HSSE280,0,HSSE280_OSLU,519000,100
HSE151HFN,0,HSE151HFN_IVTSS,399000,100
HSSE260,0,HSSE260_OSIV,449000,100
HSSE0000F,0,HSSE0000F_BG,25000,100
HSSE0000F,0,HSSE0000F_DN,25000,100
HSSE0000F,0,HSSE0000F_LU,25000,100
HSSE170,0,HSSE170_GYM,315000,100
HSSE170,0,HSSE170_WW,315000,100
HSSE180,0,HSSE180_NCCGYM,315000,100
HSSE180,0,HSSE180_NCCSE,315000,100
HSSE250LEN,0,HSSE250LEN_GUDN,1729000,100
HSSE250LEN,0,HSSE250LEN_GUHY,1729000,100
HSSE250LEN,0,HSSE250LEN_GULU,1729000,100
HSSE250LEN,0,HSSE250LEN_OSDN,1729000,100
HSSE250LEN,0,HSSE250LEN_OSHY,1729000,100
HSSE250LEN,0,HSSE250LEN_OSLU,1729000,100
HSSE250FP,0,HSSE250FP_FIVGYM,1639000,100
HSSE250FP,0,HSSE250FP_GUDN,1639000,100
HSSE250FP,0,HSSE250FP_GUHY,1639000,100
HSSE250FP,0,HSSE250FP_GULU,1639000,100
HSSE250FP,0,HSSE250FP_NCCBGM,1639000,100
HSSE250FP,0,HSSE250FP_OSDN,1639000,100
HSSE250FP,0,HSSE250FP_OSHY,1639000,100
HSSE250FP,0,HSSE250FP_OSLU,1639000,100
HSSE250FN,0,HSSE250FN_GUDN,1502000,100
HSSE250FN,0,HSSE250FN_GUHY,1502000,100
HSSE250FN,0,HSSE250FN_GULU,1502000,100
HSSE250FN,0,HSSE250FN_NCC,1502000,100
HSSE250FN,0,HSSE250FN_OSDN,1502000,100
HSSE250FN,0,HSSE250FN_OSHY,1502000,100
HSSE250FN,0,HSSE250FN_OSLU,1502000,100
HSKF0010N,0,HSKF0010N_GY,69000,100
HSKF0010N,0,HSKF0010N_IIV,69000,100
HSSE280PM,0,HSSE280PM_FIVGYM,699000,100
HSSE280PM,0,HSSE280PM_GUDN,699000,100
HSSE280PM,0,HSSE280PM_GUHY,699000,100
HSSE280PM,0,HSSE280PM_GULU,699000,100
HSSE280PM,0,HSSE280PM_IVGYM,699000,100
HSSE280PM,0,HSSE280PM_IVLUW,699000,100
HSSE280PM,0,HSSE280PM_IVRM,699000,100
HSSE280PM,0,HSSE280PM_IVTM,699000,100
HSSE280PM,0,HSSE280PM_NCCBGM,699000,100
HSSE280PM,0,HSSE280PM_OSDN,699000,100
HSSE280PM,0,HSSE280PM_OSHY,699000,100
HSSE280PM,0,HSSE280PM_OSLU,699000,100
HSSE2000F,0,HSSE2000F_A441D,80000,100
HSSE2000F,0,HSSE2000F_A443D,80000,100
HSSE2000F,0,HSSE2000F_A444A,80000,100
HSSE2000F,0,HSSE2000F_A444D,80000,100
HSSE2000F,0,HSSE2000F_A448A,80000,100
HSSE2000F,0,HSSE2000F_A449P,80000,100
HSSE250FEN,0,HSSE250FEN_GUDN,1629000,100
HSSE250FEN,0,HSSE250FEN_GUHY,1629000,100
HSSE250FEN,0,HSSE250FEN_GULU,1629000,100
HSSE250FEN,0,HSSE250FEN_OSDN,1629000,100
HSSE250FEN,0,HSSE250FEN_OSHY,1629000,100
HSSE250FEN,0,HSSE250FEN_OSLU,1629000,100
HCX0001BA,0,HCX0001BA_SG,16000,100
HCX0001RB,0,HCX0001RB_BK,16000,100
HCX0001RB,0,HCX0001RB_SG,16000,100
HCH290WS,0,HCH290WS_451M,269000,100
HCH290WS,0,HCH290WS_453D,269000,100
HCH290WS,0,HCH290WS_454A,269000,100
HCH290WS,0,HCH290WS_454D,269000,100
HCH290WS,0,HCH290WS_457,269000,100
HCH290WS,0,HCH290WS_459,269000,100
HCH380F,0,HCH380F_2H1,194000,100
HCH380F,0,HCH380F_2H4,194000,100
HCH380F,0,HCH380F_2H9,194000,100
HCH1008,0,HCH1008_454A,98000,100
HCH1008,0,HCH1008_456,98000,100
HCH290WF,0,HCH290WF_451M,274000,100
HCH290WF,0,HCH290WF_453D,274000,100
HCH290WF,0,HCH290WF_454A,274000,100
HCH290WF,0,HCH290WF_454D,274000,100
HCH290WF,0,HCH290WF_457,274000,100
HCH290WF,0,HCH290WF_459,274000,100
HCH1008W,0,HCH1008W_451L,108000,100
HCH1008W,0,HCH1008W_454A,108000,100
HCH1008W,0,HCH1008W_459,108000,100
HCX0001RA,0,HCX0001RA_SG,16000,100
HCH0020,0,HCH0020_451LWW,162000,100
HCH0020,0,HCH0020_455WW,162000,100
HCH0020,0,HCH0020_456BK,162000,100
HCX0001BB,0,HCX0001BB_BK,16000,100
HCX0001BB,0,HCX0001BB_SG,16000,100
HCX0006R,0,HCX0006R_SG,18000,100
HCH380S,0,HCH380S_2H1,189000,100
HCH380S,0,HCH380S_2H4,189000,100
HCH380S,0,HCH380S_2H9,189000,100
HCH290F,0,HCH290F_451A,274000,100
HCH0020W,0,HCH0020W_451LWW,199000,100
HCH0020W,0,HCH0020W_455WW,199000,100
HCH290S,0,HCH290S_451A,269000,100
HXCH6000F,0,HXCH6000F_2H1,79000,100
HXCH6000F,0,HXCH6000F_2H6,79000,100
HXCH6000F,0,HXCH6000F_2H7,79000,100
HVCH2810FC,0,HVCH2810FC_A441D,197000,100
HVCH2810FC,0,HVCH2810FC_A443D,197000,100
HVCH2810FC,0,HVCH2810FC_A444D,197000,100
HVCH2810FC,0,HVCH2810FC_A449P,197000,100
HVCH2810FSC,0,HVCH2810FSC_A441D,197000,100
HVCH2810FSC,0,HVCH2810FSC_A443D,197000,100
HVCH2810FSC,0,HVCH2810FSC_A444D,197000,100
HVCH2810FSC,0,HVCH2810FSC_A449P,197000,100
HVCH2810F,0,HVCH2810F_A441D,179000,100
HVCH2810F,0,HVCH2810F_A443D,179000,100
HVCH2810F,0,HVCH2810F_A444D,179000,100
HVCH2810F,0,HVCH2810F_A449P,179000,100
HVCH2810FS,0,HVCH2810FS_A441D,179000,100
HVCH2810FS,0,HVCH2810FS_A443D,179000,100
HVCH2810FS,0,HVCH2810FS_A444D,179000,100
HVCH2810FS,0,HVCH2810FS_A449P,179000,100
HCH3501HL,0,HCH3501HL_454A,339000,100
HCH3501HL,0,HCH3501HL_455,339000,100
HCH3501HL,0,HCH3501HL_456,339000,100
HCH3510HL,0,HCH3510HL_2D1,374000,100
HCH3800H,0,HCH3800H_2H1,299000,100
HCH3800H,0,HCH3800H_2H4,299000,100
HCH3700,0,HCH3700_L095A,859000,100
HCH3700,0,HCH3700_L096,859000,100
HCH3600L,0,HCH3600L_L095A,749000,100
HCH3600L,0,HCH3600L_L096,749000,100
HCH3800T,0,HCH3800T_2H1,279000,100
HCH3800T,0,HCH3800T_2H4,279000,100
HCH3510L,0,HCH3510L_2D1,354000,100
HCH3501L,0,HCH3501L_454A,319000,100
HCH3501L,0,HCH3501L_455,319000,100
HCH3501L,0,HCH3501L_456,319000,100
HCH3510KHL,0,HCH3510KHL_2D6,364000,100
HCH3501KHL,0,HCH3501KHL_456,329000,100
HCH3510KL,0,HCH3510KL_2D6,344000,100
HCH3501KL,0,HCH3501KL_456,309000,100
HSVC126N,0,HSVC126N_WP,400000,100
HSVC086N,0,HSVC086N_WP,360000,100
HSVC124N,0,HSVC124N_WP,300000,100
HSVC084N,0,HSVC084N_WP,260000,100
HT50T18EL,0,HT50T18EL_GYM,299000,100
HT70Y21EL,0,HT70Y21EL_DIO,799000,100
HT70Y21EL,0,HT70Y21EL_WP,799000,100
HT40Y14EL,0,HT40Y14EL_IV,259000,100
HT40Y14EL,0,HT40Y14EL_NCC,259000,100
HT30T14EL,0,HT30T14EL_WWAD,429000,100
HT70Y17EL,0,HT70Y17EL_DIO,699000,100
HT70Y17EL,0,HT70Y17EL_WP,699000,100
HT30T16EL,0,HT30T16EL_WWAD,459000,100
HT40Y08EL,0,HT40Y08EL_IV,199000,100
HT40Y08EL,0,HT40Y08EL_NCC,199000,100
HL13T10HL,0,HL13T10HL_FIV,359000,100
HL13T10HL,0,HL13T10HL_GG,359000,100
HTUD1200H,0,HTUD1200H_NCC451,547000,100
HT90Y19HF,0,HT90Y19HF_BIA,1799000,100
HT90Y16EF,0,HT90Y16EF_BIA,899000,100
HL13T19HF,0,HL13T19HF_BIA,859000,100
HT11T14EEN,0,HT11T14EEN_IPIIV,619000,100
HT71Y17EL,0,HT71Y17EL_CZ,699000,100
HT11T13EL,0,HT11T13EL_OSIIV,269000,100
HL13T16HF,0,HL13T16HF_BIA,799000,100
HSUD014HF,0,HSUD014HF_NGAGY,649000,100
HL12T14HL,0,HL12T14HL_UA,399000,100
HT13Y16EF,0,HT13Y16EF_BIA,769000,100
HSUD014H,0,HSUD014H_NCCGY,339000,100
HT90Y19EF,0,HT90Y19EF_BIA,999000,100
HTUD1201H,0,HTUD1201H_NCCBW,547000,100
HL13T14HF,0,HL13T14HF_BIA,699000,100
HT71Y21EL,0,HT71Y21EL_CZ,799000,100
HL12T08HL,0,HL12T08HL_UA,300000,100
HTF0E15EL,0,HTF0E15EL_KWBKM,259000,100
HTF0E15EL,0,HTF0E15EL_SPGY,259000,100
HT13Y13EF,0,HT13Y13EF_BIA,599000,100
HL13T10HF,0,HL13T10HF_BIA,469000,100
HTF0E09EL,0,HTF0E09EL_KWBKM,189000,100
HTF0E09EL,0,HTF0E09EL_SPGY,189000,100
HCH7100,0,HCH7100_A481,399000,100
HT40Y11HL,0,HT40Y11HL_NCC,499000,100
HT40E11HL,0,HT40E11HL_IV,649000,100
HT40E11HL,0,HT40E11HL_NCC,649000,100
HT40Y06HL,0,HT40Y06HL_NCC,329000,100
HT40E06HL,0,HT40E06HL_IV,479000,100
HT40E06HL,0,HT40E06HL_NCC,479000,100
HT40Y11LL,0,HT40Y11LL_NCC,309000,100
HT40E10HL,0,HT40E10HL_IV,609000,100
HT40E10HL,0,HT40E10HL_NCC,609000,100
HC60Y083H,0,HC60Y083H_CGDIO,569000,100
HC60Y083H,0,HC60Y083H_GYNCC,569000,100
HT40Y10HL,0,HT40Y10HL_NCC,459000,100
HC60Y061E,0,HC60Y061E_CGDIO,499000,100
HC60Y061E,0,HC60Y061E_GYNCC,499000,100
HC60Y083E,0,HC60Y083E_CGDIO,419000,100
HC60Y083E,0,HC60Y083E_GYNCC,419000,100
HT40Y06LL,0,HT40Y06LL_NCC,189000,100
HT40U01EEE,0,HT40U01EEE_BG,24000,100
HT40Y10LL,0,HT40Y10LL_NCC,269000,100
HA13Y068E,0,HA13Y068E_NCCGY,259000,100
HC60Y082E,0,HC60Y082E_CGDIO,399000,100
HC60Y082E,0,HC60Y082E_GYNCC,399000,100
HCB1E10L,0,HCB1E10L_KW,569000,100
HCB1E10L,0,HCB1E10L_SP,569000,100
HC60Y082H,0,HC60Y082H_CGDIO,549000,100
HC60Y082H,0,HC60Y082H_GYNCC,549000,100
HT41Y10HL,0,HT41Y10HL_NCC,549000,100
HCB2E10L,0,HCB2E10L_SP,549000,100
HCB1E90L,0,HCB1E90L_KW,549000,100
HCB1E90L,0,HCB1E90L_SP,549000,100
HCB1E95L,0,HCB1E95L_KW,559000,100
HCB1E95L,0,HCB1E95L_SP,559000,100
IKP0001A,0,IKP0001A_SPKW,629000,100
IKP0001A,0,IKP0001A_SPSP,629000,100
IKP0003A,0,IKP0003A_SPKW,459000,100
IKP0003A,0,IKP0003A_SPSP,459000,100
IKB0001A,0,IKB0001A_SPSP,549000,100
IKB0003A,0,IKB0003A_SPKW,249000,100
IKB0003A,0,IKB0003A_SPSP,249000,100
IKB0002A,0,IKB0002A_SPSP,399000,100
IKP0002A,0,IKP0002A_SPKW,469000,100
IKP0002A,0,IKP0002A_SPSP,469000,100
HCH0018A,0,HCH0018A_A490LA,209000,100
HCH0018A,0,HCH0018A_A494BA,209000,100
HCH0018F,0,HCH0018F_161AA,209000,100
HCH0018F,0,HCH0018F_164AA,209000,100
HCH0014RP,0,HCH0014RP_MGN,145000,100
HCH0014RP,0,HCH0014RP_MM,145000,100
HCH0014RP,0,HCH0014RP_RPK,145000,100
HCH0014RP,0,HCH0014RP_WW,145000,100
HCH0014AN,0,HCH0014AN_A491AA,180000,100
HCH0014AN,0,HCH0014AN_A492A,180000,100
HCH0009,0,HCH0009_A490L,169000,100
HCH0009,0,HCH0009_A491CH,169000,100
HCH0009,0,HCH0009_A496,169000,100
HCH0014R,0,HCH0014R_A491C,195000,100
HCH0014R,0,HCH0014R_A491L,195000,100
HCH0014R,0,HCH0014R_A494B,195000,100
HCH014B,0,HCH014B_A481C,279000,100
HCH014B,0,HCH014B_A481L,279000,100
HCH014B,0,HCH014B_A484B,279000,100
HCH3001,0,HCH3001_BWWW,159000,100
HCH0014FN,0,HCH0014FN_451AUA,160000,100
HCH0014FN,0,HCH0014FN_451UA,160000,100
HCH0014FN,0,HCH0014FN_457LUA,160000,100
HCH016B,0,HCH016B_A481C,299000,100
HCH016B,0,HCH016B_A481L,299000,100
HCH016B,0,HCH016B_A484B,299000,100
HCH9001,0,HCH9001_3H5,349000,100
HCH6000,0,HCH6000_451WW,139000,100
HCH6001,0,HCH6001_BWWW,139000,100
HXCH0114F,0,HXCH0114F_451AWG,120000,100
HXCH0114F,0,HXCH0114F_451WG,120000,100
HCH3001A,0,HCH3001A_A491CT,139000,100
HCH3001A,0,HCH3001A_A491WG,139000,100
HCH3001A,0,HCH3001A_A492WG,139000,100
HCH3001F,0,HCH3001F_451LWG,139000,100
HCH3001F,0,HCH3001F_452WG,139000,100
HCH0018S,0,HCH0018S_A490LW,189000,100
HCH0018S,0,HCH0018S_A494BW,189000,100
