HB722501,저상형 패밀리 침대 Q+S,1096000,767000,0.3,0.1,1,1,HB722501
HB721103,저상형 침대 (SS) - 데이베드형,1056000,739000,0.3,0.1,1,1,HB721103
HSSE290L,"모션베드 캐주얼(라텍스,책상형)",2090000,1463000,0.3,0.1,1,1,HSSE290L
HB722502,패밀리 침대 Q+S,1167000,816000,0.3,0.1,1,1,HB722502
HB721003,저상형 침대 (S) - 데이베드형,963000,674000,0.3,0.1,1,1,HB721003
HB721501,저상형 침대 (Q),625000,437000,0.3,0.1,1,1,HB721501
HB721101,저상형 침대 (SS),525000,367000,0.3,0.1,1,1,HB721101
HB721102,침대 (SS),558000,390000,0.3,0.1,1,1,HB721102
HB7215G,침대가드/풋보드 1500폭,238000,166000,0.3,0.1,1,1,HB7215G
HB311403,"트윈모션베드 1800폭(복합,USB형,K)",3210000,2247000,0.3,0.1,1,1,HB311403
HSSE290F,"모션베드 캐주얼(폼,책상형)",1990000,1393000,0.3,0.1,1,1,HSSE290F
HB721002,침대 (S),498000,348000,0.3,0.1,1,1,HB721002
HB721104,저상형 침대 (SS) - 범퍼가드형,962000,673000,0.3,0.1,1,1,HB721104
HB911601,쿠션침대 K,885000,619000,0.3,0.1,1,1,HB911601
HB721001,저상형 침대 (S),465000,325000,0.3,0.1,1,1,HB721001
HBA501501,침대(Q),759000,531000,0.3,0.1,1,1,HBA501501
HBA201801,"침대(Q,K,KK공용)",899000,629000,0.3,0.1,1,1,HBA201801
HA310611,리프트업 테이블 600폭,269000,188000,0.3,0.1,1,1,HA310611
HB7211F,풋보드 1100폭,199000,139000,0.3,0.1,1,1,HB7211F
HB31H09ECN,"베드프레임 900폭(헤드형,모션용)",1594000,1115000,0.3,0.1,1,1,HB31H09ECN
HBA201501,침대(Q),799000,559000,0.3,0.1,1,1,HBA201501
HB911501,쿠션침대 Q,799000,559000,0.3,0.1,1,1,HB911501
HB7205G,침대가드 500폭,117000,81000,0.3,0.1,1,1,HB7205G
HB7210G,침대가드 1000폭,166000,116000,0.3,0.1,1,1,HB7210G
HBA501102,모션베드(SS),1719000,1203000,0.3,0.1,1,1,HBA501102
HB572201,트윈모션베드 2200폭(인조가죽),3599000,2519000,0.3,0.1,1,1,HB572201
HBA501101,침대(SS),629000,440000,0.3,0.1,1,1,HBA501101
HBA201101,침대(SS),599000,419000,0.3,0.1,1,1,HBA201101
HBA501601,침대(K),799000,559000,0.3,0.1,1,1,HBA501601
HB221801,"브리엔 침대(가죽,KK)",1599000,1119000,0.3,0.1,1,1,HB221801
HB722602,패밀리 침대 Q+SS,1227000,858000,0.3,0.1,1,1,HB722602
HB7210F,풋보드 1000폭,166000,116000,0.3,0.1,1,1,HB7210F
HB721004,저상형 침대 (S) - 범퍼가드형,869000,608000,0.3,0.1,1,1,HB721004
HSSE250LN,"모션베드 캐주얼(라텍스,기본헤드)",1602000,1121000,0.3,0.1,1,1,HSSE250LN
HA40E09EEF,"매트리스프로텍터(커버,S,900폭)",30000,21000,0.3,0.1,1,1,HA40E09EEF
HB571605,"어바니 침대(인조가죽,Q,K)",890000,623000,0.3,0.1,1,1,HB571605
HB321601,"침대(인조가죽Q,K)",999000,699000,0.3,0.1,1,1,HB321601
HB31F11EB,아르지안 베드프레임 1100폭(모션용),1572000,1100000,0.3,0.1,1,1,HB31F11EB
HB571105,"침대(인조가죽,SS)",590000,413000,0.3,0.1,1,1,HB571105
HB311302,"모션베드 1500폭(선반,USB형,Q)",2230000,1561000,0.3,0.1,1,1,HB311302
HB7209F,풋보드 900폭,159000,111000,0.3,0.1,1,1,HB7209F
HBA221801,무헤드 침대(KK)_온라인몰전용,499000,349000,0.3,0.1,1,1,HBA221801
HM50S10ECE,코코 스프링 매트리스 (S),399000,279000,0.3,0.1,1,1,HM50S10ECE
HB722601,저상형 패밀리 침대 Q+SS,1156000,809000,0.3,0.1,1,1,HB722601
HB311303,"모션베드 1500폭(복합,USB형,Q)",2310000,1617000,0.3,0.1,1,1,HB311303
HB311402,"트윈모션베드 1800폭(선반,USB형,K)",3130000,2191000,0.3,0.1,1,1,HB311402
HBA501801,침대(KK),849000,594000,0.3,0.1,1,1,HBA501801
HB571801,트윈모션베드 1800폭(인조가죽),3077000,2153000,0.3,0.1,1,1,HB571801
HM30S11EBE,스탠다드 매트리스 (SS),569000,398000,0.3,0.1,1,1,HM30S11EBE
HA40E11EEF,"매트리스프로텍터(커버,SS,1100폭)",35000,24000,0.3,0.1,1,1,HA40E11EEF
HM20S15EBE,셀렉트 미디엄 매트리스 (Q),1290000,903000,0.3,0.1,1,1,HM20S15EBE
HBA221501,무헤드 침대(Q)_온라인몰전용,449000,314000,0.3,0.1,1,1,HBA221501
HB221601,"침대(가죽,K)",1454000,1017000,0.3,0.1,1,1,HB221601
HB31H09EBN,베드프레임 900폭(모션용),1354000,947000,0.3,0.1,1,1,HB31H09EBN
HM50S11ECE,코코 스프링 매트리스 (SS),449000,314000,0.3,0.1,1,1,HM50S11ECE
HM40L09ECE,플렉서블 라텍스 매트리스 (S),900000,630000,0.3,0.1,1,1,HM40L09ECE
HA20C11EE,셀렉트 오가닉 상단 커버 (SS),239000,167000,0.3,0.1,1,1,HA20C11EE
HA40E15EEF,"매트리스프로텍터(커버,Q,1500폭)",49000,34000,0.3,0.1,1,1,HA40E15EEF
HA51M11EAE,"S03(SS,1100폭)_HARD",295000,206000,0.3,0.1,1,1,HA51M11EAE
HB311103,"아르지안 모션베드 1100폭(복합,USB형,SS)",1940000,1358000,0.3,0.1,1,1,HB311103
HBA221101,무헤드 침대(SS)_온라인몰전용,389000,272000,0.3,0.1,1,1,HBA221101
HA51M10EAE,S03(S)_HARD,270000,189000,0.3,0.1,1,1,HA51M10EAE
HM10S18EB,얼티메이트 미디엄 매트리스 (KK),2190000,1533000,0.3,0.1,1,1,HM10S18EB
HB321102,"침대(인조가죽,SS)",630000,441000,0.3,0.1,1,1,HB321102
HB311102,"아르지안 모션베드 1100폭(선반,USB형,SS)",1860000,1302000,0.3,0.1,1,1,HB311102
HA51M11EBE,"S02(SS,1100폭)_MEDIUM HARD",345000,241000,0.3,0.1,1,1,HA51M11EBE
HB31H15ED,"베드프레임 1500폭(모션용,센서등)",1871000,1309000,0.3,0.1,1,1,HB31H15ED
HB321101,"이카리아 모션베드 1100폭(인조가죽,SS)",1957000,1369000,0.3,0.1,1,1,HB321101
HA51M15EAE,S03(Q)_HARD,390000,273000,0.3,0.1,1,1,HA51M15EAE
HBA112202,"그라나다 침대(조명형,K)",849000,594000,0.3,0.1,1,1,HBA112202
HM20S18ECE,셀렉트 펌 매트리스 (KK),1690000,1183000,0.3,0.1,1,1,HM20S18ECE
HBA112201,"그라나다 침대(조명형,Q)",799000,559000,0.3,0.1,1,1,HBA112201
HM40L11ECE,플렉서블 라텍스 매트리스 (SS),1200000,840000,0.3,0.1,1,1,HM40L11ECE
HA51M10EBE,S02(S)_MEDIUM HARD,290000,203000,0.3,0.1,1,1,HA51M10EBE
HA51M15EBE,S02(Q)_MEDIUM HARD,480000,336000,0.3,0.1,1,1,HA51M15EBE
HA40E10EEF,"매트리스프로텍터(커버,S,1000폭)",32000,22000,0.3,0.1,1,1,HA40E10EEF
HB31H09EE,"베드프레임 900폭(모션용, 센서등)",1429000,1000000,0.3,0.1,1,1,HB31H09EE
HM20S11EBE,셀렉트 미디엄 매트리스 (SS),990000,693000,0.3,0.1,1,1,HM20S11EBE
HB31H09EF,"베드프레임 900폭(헤드형,모션용,센서등)",1669000,1168000,0.3,0.1,1,1,HB31H09EF
HB31F11EE,"아르지안 베드프레임 1100폭(헤드형,모션용,센서등)",1887000,1320000,0.3,0.1,1,1,HB31F11EE
HM10S18EC,얼티메이트 펌 매트리스 (KK),2190000,1533000,0.3,0.1,1,1,HM10S18EC
HM40F09EBE,플렉서블 폼 매트리스 (S),800000,560000,0.3,0.1,1,1,HM40F09EBE
HB31H15EB,베드프레임 1500폭(모션용),1796000,1257000,0.3,0.1,1,1,HB31H15EB
HM10S18EA,얼티메이트 소프트 매트리스 (KK),2190000,1533000,0.3,0.1,1,1,HM10S18EA
HB31F11EC,"아르지안 베드프레임 1100폭(헤드형,모션용)",1812000,1268000,0.3,0.1,1,1,HB31F11EC
HM30S15EBE,스탠다드 매트리스 (Q),749000,524000,0.3,0.1,1,1,HM30S15EBE
HBA3008S,모션라운지베드(S가죽),1899000,1329000,0.3,0.1,1,1,HBA3008S
HM20S15ECE,셀렉트 펌 매트리스 (Q),1290000,903000,0.3,0.1,1,1,HM20S15ECE
HM40L15ECE,플렉서블 라텍스 매트리스 (Q),1400000,979000,0.3,0.1,1,1,HM40L15ECE
HBA111101,그라나다 침대(SS),499000,349000,0.3,0.1,1,1,HBA111101
HA51M12EAE,"S03(SS,1200폭)_HARD",312000,218000,0.3,0.1,1,1,HA51M12EAE
HB31F11ED,"아르지안 베드프레임 1100폭(모션용,센서등)",1647000,1152000,0.3,0.1,1,1,HB31F11ED
HM20S16EBE,셀렉트 미디엄 매트리스 (K),1490000,1042000,0.3,0.1,1,1,HM20S16EBE
HBA111501,그라나다 침대(Q),599000,419000,0.3,0.1,1,1,HBA111501
HA10C18EE,얼티메이트 오가닉 상단 커버 (KK),339000,237000,0.3,0.1,1,1,HA10C18EE
IBG20AW00A,쿠시노 벽가드 2000폭(인조),185000,129000,0.3,0.1,1,1,IBG20AW00A
HBA511801,침대 KK,849000,594000,0.3,0.1,1,1,HBA511801
HM10S15EA,얼티메이트 소프트 매트리스 (Q),1790000,1253000,0.3,0.1,1,1,HM10S15EA
HM20S11ECE,셀렉트 펌 매트리스 (SS),990000,693000,0.3,0.1,1,1,HM20S11ECE
HM40F11EBE,플렉서블 폼 매트리스 (SS),1000000,700000,0.3,0.1,1,1,HM40F11EBE
HM10S16EC,얼티메이트 펌 매트리스 (K),1990000,1393000,0.3,0.1,1,1,HM10S16EC
HBA511601,침대 K,799000,559000,0.3,0.1,1,1,HBA511601
HM10S15EB,얼티메이트 미디엄 매트리스 (Q),1790000,1253000,0.3,0.1,1,1,HM10S15EB
HM10S15EC,얼티메이트 펌 매트리스 (Q),1790000,1253000,0.3,0.1,1,1,HM10S15EC
HA20C15EE,셀렉트 오가닉 상단 커버 (Q),269000,188000,0.3,0.1,1,1,HA20C15EE
HA10C16EE,얼티메이트 오가닉 상단 커버 (K),299000,209000,0.3,0.1,1,1,HA10C16EE
HM10S16EB,얼티메이트 미디엄 매트리스 (K),1990000,1393000,0.3,0.1,1,1,HM10S16EB
HBA511101,침대 SS,629000,440000,0.3,0.1,1,1,HBA511101
HM20S18EBE,셀렉트 미디엄 매트리스 (KK),1690000,1183000,0.3,0.1,1,1,HM20S18EBE
HA10C15EE,얼티메이트 오가닉 상단 커버 (Q),269000,188000,0.3,0.1,1,1,HA10C15EE
HM40F15EBE,플렉서블 폼 매트리스 (Q),1200000,840000,0.3,0.1,1,1,HM40F15EBE
HBA511501,침대 Q,759000,531000,0.3,0.1,1,1,HBA511501
HM20S16ECE,셀렉트 펌 매트리스 (K),1490000,1042000,0.3,0.1,1,1,HM20S16ECE
HA20C16EE,셀렉트 오가닉 상단 커버 (K),299000,209000,0.3,0.1,1,1,HA20C16EE
HA20C18EE,셀렉트 오가닉 상단 커버 (KK),339000,237000,0.3,0.1,1,1,HA20C18EE
HM10S16EA,얼티메이트 소프트 매트리스 (K),1990000,1393000,0.3,0.1,1,1,HM10S16EA
HSSE250LM,"모션베드 캐주얼(라텍스,조명형수납헤드,펠트주머니포함)",1799000,1259000,0.3,0.1,1,1,HSSE250LM
HBA3008P,모션라운지베드(P가죽),2199000,1539000,0.3,0.1,1,1,HBA3008P
IBM0001A,"다나 모션베드 캐주얼(폼,베드테이블 포함)",1772000,1240000,0.3,0.1,1,1,IBM0001A
HBA511102,모션베드 SS,1719000,1203000,0.3,0.1,1,1,HBA511102
HA43E11EFN,"모션베드 전용 매트리스 커버(SS,1100폭)",149000,104000,0.3,0.1,1,1,HA43E11EFN
HA43E09EFN,"모션베드 전용 매트리스 커버(S,900폭)",145000,101000,0.3,0.1,1,1,HA43E09EFN
IBF0010A,쿠션침대 KK(패브릭),1799000,1259000,0.3,0.1,1,1,IBF0010A
IMS11AC02A,데일리 키즈 매트리스 (SS),299000,209000,0.3,0.1,1,1,IMS11AC02A
IMS10AC02A,데일리 키즈 매트리스 (S),279000,195000,0.3,0.1,1,1,IMS10AC02A
HMSL11EDEN,"에센스 매트리스(SS,1100폭)",395000,276000,0.3,0.1,1,1,HMSL11EDEN
IBF0009A,쿠션침대 K(패브릭),1699000,1189000,0.3,0.1,1,1,IBF0009A
IBA0000A,베드테이블 (SS침대용),270000,189000,0.3,0.1,1,1,IBA0000A
IMP26AA00A,"60수 매트리스 패드(F(Q+SS),2600폭)",202500,141000,0.3,0.1,1,1,IMP26AA00A
HA43E15EFN,"모션베드 전용 매트리스 커버(Q,1500폭)",185000,129000,0.3,0.1,1,1,HA43E15EFN
IMS11AB01A,데일리 라이트 펌 매트리스 (SS),330000,230000,0.3,0.1,1,1,IMS11AB01A
IMS11AB00A,데일리 라이트 미디엄 매트리스 (SS),330000,230000,0.3,0.1,1,1,IMS11AB00A
HA00G01EEU,원형 멀티조명(거치형),32000,22000,0.3,0.1,1,1,HA00G01EEU
IMS15AB01A,데일리 라이트 펌 매트리스 (Q),440000,308000,0.3,0.1,1,1,IMS15AB01A
IMP11AA00A,"60수 매트리스 패드(SS,1100폭)",87000,60000,0.3,0.1,1,1,IMP11AA00A
IMP25AA00A,"60수 매트리스 패드(F(Q+S),2500폭)",202500,141000,0.3,0.1,1,1,IMP25AA00A
HMSL15EDEN,에센스 매트리스(Q),470000,329000,0.3,0.1,1,1,HMSL15EDEN
IMP10AA00A,"60수 매트리스 패드(S,1000폭)",87000,60000,0.3,0.1,1,1,IMP10AA00A
IMP16AA00A,"60수 매트리스 패드(K,1650폭)",135000,94000,0.3,0.1,1,1,IMP16AA00A
IMS15AB00A,데일리 라이트 미디엄 매트리스 (Q),440000,308000,0.3,0.1,1,1,IMS15AB00A
IAP23AA01A,가드수납함 230폭(쿠션용),10000,7000,0.3,0.1,1,1,IAP23AA01A
IMP15AA00A,"60수 매트리스 패드(Q,1500폭)",120000,84000,0.3,0.1,1,1,IMP15AA00A
IAP23AA00A,가드수납함 230폭(목재용),10000,7000,0.3,0.1,1,1,IAP23AA00A
HA11M11EAE,키즈 스프링 매트리스 (SS),290000,203000,0.3,0.1,1,1,HA11M11EAE
HMSL10ECEN,KF01 키즈 폼 매트리스,599000,419000,0.3,0.1,1,1,HMSL10ECEN
IMS16AB01A,데일리 라이트 펌 매트리스 (K),500000,350000,0.3,0.1,1,1,IMS16AB01A
IMS16AB00A,데일리 라이트 미디엄 매트리스 (K),500000,350000,0.3,0.1,1,1,IMS16AB00A
HW900801,미니옷장 800폭,469000,328000,0.3,0.1,1,1,HW900801
HD910841,화장대 800폭,529000,370000,0.3,0.1,1,1,HD910841
HSYA0006,화장대,219000,153000,0.3,0.1,1,1,HSYA0006
HD900811,화장대 800폭,299000,209000,0.3,0.1,1,1,HD900811
HDA200801,화장대 800폭,359000,251000,0.3,0.1,1,1,HDA200801
HPA201201,와이드체스트 1200폭,399000,279000,0.3,0.1,1,1,HPA201201
HP721015,3단 서랍장 1000폭,399000,279000,0.3,0.1,1,1,HP721015
HPA200801,3단 서랍장 800폭,399000,279000,0.3,0.1,1,1,HPA200801
HPA101203,와이드체스트 1200폭(화장대형),534000,373000,0.3,0.1,1,1,HPA101203
HP900641R,아일랜드장 600폭,368000,257000,0.3,0.1,1,1,HP900641R
HD571832,화장대(확장형),519000,363000,0.3,0.1,1,1,HD571832
HYC8080P,대형수납박스,18000,12000,0.3,0.1,1,1,HYC8080P
HDA500811,화장대 800폭,349000,244000,0.3,0.1,1,1,HDA500811
HPA501231,3단 서랍장 1200폭,449000,314000,0.3,0.1,1,1,HPA501231
HP311231,3단 와이드체스트 1200폭,541000,378000,0.3,0.1,1,1,HP311231
HDA100801,데스크 800폭,329000,230000,0.3,0.1,1,1,HDA100801
HC401002R,4단 서랍장 1000폭,425000,297000,0.3,0.1,1,1,HC401002R
HA72R10EU,라운드 사각거울 1000폭(브라켓형),99000,69000,0.3,0.1,1,1,HA72R10EU
HYC8081P,멀티수납박스,12000,8000,0.3,0.1,1,1,HYC8081P
HPA101202,와이드체스트 1200폭(거울형),521000,364000,0.3,0.1,1,1,HPA101202
HU00R01EL,라운드사각거울 800폭(거치대형),79000,55000,0.3,0.1,1,1,HU00R01EL
HP900651R,5단 서랍장 600폭,369000,258000,0.3,0.1,1,1,HP900651R
HP801033,라이트 3단 서랍장,413000,289000,0.3,0.1,1,1,HP801033
HP900841R,4단서랍장 800폭,320000,224000,0.3,0.1,1,1,HP900841R
HA72S00EEA,라운드 스툴,128000,89000,0.3,0.1,1,1,HA72S00EEA
HD58Y103EL,멀티 데스크(확장형),399000,279000,0.3,0.1,1,1,HD58Y103EL
HCH1007,원목스툴,149000,104000,0.3,0.1,1,1,HCH1007
HE570931,파티션 900폭(아일랜드장형),499000,349000,0.3,0.1,1,1,HE570931
HE570911,파티션 900폭(데스크형),315000,220000,0.3,0.1,1,1,HE570911
HU00R00EL,라운드사각거울 800폭(브라켓형),79000,55000,0.3,0.1,1,1,HU00R00EL
HPA101201,와이드체스트 1200폭,399000,279000,0.3,0.1,1,1,HPA101201
HD21Y050L,화장대 600폭,359000,251000,0.3,0.1,1,1,HD21Y050L
HA72R10AU,라운드 사각거울 1000폭 (거치대형),99000,69000,0.3,0.1,1,1,HA72R10AU
HC570521,와이드 수납 박스(거치형),67000,46000,0.3,0.1,1,1,HC570521
HPA500821,2단 서랍 800폭,219000,153000,0.3,0.1,1,1,HPA500821
HP571041R,서랍장 4단 1000폭,499000,349000,0.3,0.1,1,1,HP571041R
HYC6003,반신거울/넥타이걸이,19000,13000,0.3,0.1,1,1,HYC6003
HPA500831,3단 서랍장 800폭,349000,244000,0.3,0.1,1,1,HPA500831
HC570221,수납 박스(거치형),48000,33000,0.3,0.1,1,1,HC570221
HC401001,3단 서랍장 1000폭,375000,262000,0.3,0.1,1,1,HC401001
HCH1003N,화장대 스툴,119000,83000,0.3,0.1,1,1,HCH1003N
HA570302,원형 거울(거치형),64000,44000,0.3,0.1,1,1,HA570302
HD701013N,메이 라이트 화장대,159000,111000,0.3,0.1,1,1,HD701013N
HC400802,메이 4단 서랍장 800폭,389000,272000,0.3,0.1,1,1,HC400802
HYC848D,3단 서랍형 800폭,399000,279000,0.3,0.1,1,1,HYC848D
HYC910A,아이템별 맞춤수납 - 올인원 (All-in-One) PKG,2100000,1470000,0.3,0.1,1,1,HYC910A
HA20S04EEF,라운드스툴(패브릭),179000,125000,0.3,0.1,1,1,HA20S04EEF
HYC8024,사이드장 400폭,159000,111000,0.3,0.1,1,1,HYC8024
HYC8008,2단 행거형 800폭,199000,139000,0.3,0.1,1,1,HYC8008
HC400801,메이 3단 서랍장 800폭,339000,237000,0.3,0.1,1,1,HC400801
HSMC7085R,5단 서랍장 800폭,449000,314000,0.3,0.1,1,1,HSMC7085R
HYC8118,코너형 800폭,349000,244000,0.3,0.1,1,1,HYC8118
HP311041R,4단 서랍장 1000폭,612000,428000,0.3,0.1,1,1,HP311041R
HYC8004,2단 행거형 400폭,159000,111000,0.3,0.1,1,1,HYC8004
HYC8006,2단 행거형 600폭,179000,125000,0.3,0.1,1,1,HYC8006
HYC8058R,아일랜드장,439000,307000,0.3,0.1,1,1,HYC8058R
HYC8138,1단 행거형 800폭,229000,160000,0.3,0.1,1,1,HYC8138
HYC8124R,화장대장 400폭(우도어),249000,174000,0.3,0.1,1,1,HYC8124R
HYC848E,바지걸이형 800폭,319000,223000,0.3,0.1,1,1,HYC848E
HYC8026,화장대장 600폭,509000,356000,0.3,0.1,1,1,HYC8026
HCH1003,원형좌판 화장대 스툴,119000,83000,0.3,0.1,1,1,HCH1003
HP310651R,5단 서랍장 600폭,556000,389000,0.3,0.1,1,1,HP310651R
HYC8124L,화장대장 400폭(좌도어),249000,174000,0.3,0.1,1,1,HYC8124L
HPA511231,3단 서랍장 1200폭,449000,314000,0.3,0.1,1,1,HPA511231
HP721025R,4단 서랍장 1000폭,469000,328000,0.3,0.1,1,1,HP721025R
HP720605R,5단 서랍장 600폭,509000,356000,0.3,0.1,1,1,HP720605R
IFW0024A,2단 서랍옷장 800폭,499000,349000,0.3,0.1,1,1,IFW0024A
HPA510831,3단 서랍장 800폭,349000,244000,0.3,0.1,1,1,HPA510831
HP801043R,라이트 4단 서랍장,515000,360000,0.3,0.1,1,1,HP801043R
IFH00AQ00A,측면걸이,25000,17000,0.3,0.1,1,1,IFH00AQ00A
HYC911A,기본장(1000폭),305000,213000,0.3,0.1,1,1,HYC911A
IFW0025A,3단 서랍옷장 800폭,539000,377000,0.3,0.1,1,1,IFW0025A
HDB1E10LE,낮은 화장대,599000,419000,0.3,0.1,1,1,HDB1E10LE
HYC912D,하부 3단 서랍형 긴장(1000폭),585000,409000,0.3,0.1,1,1,HYC912D
IFW0021A,기본장 800폭,249000,174000,0.3,0.1,1,1,IFW0021A
IFO0001A,하부도어형 800폭,289000,202000,0.3,0.1,1,1,IFO0001A
HDB1E08HE,높은 화장대,799000,559000,0.3,0.1,1,1,HDB1E08HE
HPB1E08AE,전시장,699000,489000,0.3,0.1,1,1,HPB1E08AE
HPB1E08CE,낮은 서랍장,499000,349000,0.3,0.1,1,1,HPB1E08CE
HYC941A,하프장(450폭),225000,157000,0.3,0.1,1,1,HYC941A
IFW0022A,정리장 800폭,299000,209000,0.3,0.1,1,1,IFW0022A
IFI0010A,좁은장 400폭 (선반형),201000,140000,0.3,0.1,1,1,IFI0010A
IFW0023A,긴장 800폭,249000,174000,0.3,0.1,1,1,IFW0023A
IFI0009A,좁은장 400폭,171000,119000,0.3,0.1,1,1,IFI0009A
HYC911C,하프서랍형 기본장(1000폭),575000,402000,0.3,0.1,1,1,HYC911C
HPB1E08BE,색조장,699000,489000,0.3,0.1,1,1,HPB1E08BE
HYC912C,하부 2단 서랍형 긴장(1000폭),515000,360000,0.3,0.1,1,1,HYC912C
HYC911B,중간서랍형 기본장(1000폭),435000,304000,0.3,0.1,1,1,HYC911B
HYC991A,기본장(900폭),299000,209000,0.3,0.1,1,1,HYC991A
HYC992D,하부 3단 서랍형 긴장(900폭),565000,395000,0.3,0.1,1,1,HYC992D
HYC991B,중간서랍형 기본장(900폭),425000,297000,0.3,0.1,1,1,HYC991B
HYC992C,하부 2단 서랍형 긴장(900폭),495000,346000,0.3,0.1,1,1,HYC992C
IFO0000A,멀티수납형 800폭,339000,237000,0.3,0.1,1,1,IFO0000A
HYC991C,하프서랍형 기본장(900폭),565000,395000,0.3,0.1,1,1,HYC991C
HYC912B,하부 1단 서랍형 긴장(1000폭),445000,311000,0.3,0.1,1,1,HYC912B
HYC941D,멀티선반형 하프장(450폭),292000,204000,0.3,0.1,1,1,HYC941D
HYC951B,하부 선반형 하프장(500폭),259000,181000,0.3,0.1,1,1,HYC951B
HYC951A,하프장(500폭),229000,160000,0.3,0.1,1,1,HYC951A
HYC912A,긴장(1000폭),293000,205000,0.3,0.1,1,1,HYC912A
HYC993A,콤비장(900폭),323000,226000,0.3,0.1,1,1,HYC993A
HYC951D,멀티선반형 하프장(500폭),299000,209000,0.3,0.1,1,1,HYC951D
HYC913E,멀티선반형 콤비장(1000폭),400000,280000,0.3,0.1,1,1,HYC913E
HYC913B,하부 선반형 콤비장(1000폭),360000,251000,0.3,0.1,1,1,HYC913B
HYC941B,하부 선반형 하프장(450폭),253000,177000,0.3,0.1,1,1,HYC941B
HYC993E,멀티선반형 콤비장(900폭),390000,273000,0.3,0.1,1,1,HYC993E
HYC992B,하부 1단 서랍형 긴장(900폭),425000,297000,0.3,0.1,1,1,HYC992B
HYC913D,상부 선반형 콤비장(1000폭),361000,252000,0.3,0.1,1,1,HYC913D
HYC913A,콤비장(1000폭),330000,230000,0.3,0.1,1,1,HYC913A
HYC848F,악세서리장,145000,101000,0.3,0.1,1,1,HYC848F
HYC993B,하부 선반형 콤비장(900폭),351000,245000,0.3,0.1,1,1,HYC993B
HYC993D,상부 선반형 콤비장(900폭),353000,247000,0.3,0.1,1,1,HYC993D
HYC992A,긴장(900폭),288000,201000,0.3,0.1,1,1,HYC992A
HP900511,수납협탁 400폭,139000,97000,0.3,0.1,1,1,HP900511
HA9003,원형협탁(소)(온라인몰 전용),125000,87000,0.3,0.1,1,1,HA9003
HC310522,협탁 500폭,135000,94000,0.3,0.1,1,1,HC310522
HP570422,어바니 협탁 400폭(패널형),249000,174000,0.3,0.1,1,1,HP570422
HAA100401,원형 사이드 테이블 400폭,99000,69000,0.3,0.1,1,1,HAA100401
HPA200401,협탁 400폭,216000,151000,0.3,0.1,1,1,HPA200401
HAA200401,사이드테이블 450폭,172000,120000,0.3,0.1,1,1,HAA200401
HP570432,"협탁 400폭(패널,조명형)",325000,227000,0.3,0.1,1,1,HP570432
HPA100401,협탁 400폭,165000,115000,0.3,0.1,1,1,HPA100401
HP570421,협탁 400폭,209000,146000,0.3,0.1,1,1,HP570421
HP720516,2단 협탁 500폭,149000,104000,0.3,0.1,1,1,HP720516
HP800421,미니협탁,149000,104000,0.3,0.1,1,1,HP800421
HP570832,"협탁 800폭(패널,조명형)",425000,297000,0.3,0.1,1,1,HP570832
HPA300501,미니바,790000,553000,0.3,0.1,1,1,HPA300501
HSOP064OR,4단 서랍장 600폭,349000,244000,0.3,0.1,1,1,HSOP064OR
HSMD018,1800폭 책상(D600),239000,167000,0.3,0.1,1,1,HSMD018
HPEL008,해먹 소파테이블(온라인몰 전용),199000,139000,0.3,0.1,1,1,HPEL008
HL13T19HL,테이블 1900폭,559000,391000,0.3,0.1,1,1,HL13T19HL
HSUD018T,1800폭 패밀리테이블,379000,265000,0.3,0.1,1,1,HSUD018T
HL10Y06TL,사이드 테이블(LPM),79000,55000,0.3,0.1,1,1,HL10Y06TL
HSPD140,책상 1400폭,189000,132000,0.3,0.1,1,1,HSPD140
HSMD012,1200폭 테이블,199000,139000,0.3,0.1,1,1,HSMD012
HSPD120,책상 1200폭,159000,111000,0.3,0.1,1,1,HSPD120
HPED112,데스크스텝 책상 세트(온라인몰 전용),241000,168000,0.3,0.1,1,1,HPED112
HSUA0100,1000폭 모니터선반,43000,30000,0.3,0.1,1,1,HSUA0100
HSUD018,1800폭 2인 책상,340000,237000,0.3,0.1,1,1,HSUD018
HPED014P,1400폭 데스크스텝 책상 세트(온라인몰 전용),519000,363000,0.3,0.1,1,1,HPED014P
HL12T16HL,1600폭 테이블,429000,300000,0.3,0.1,1,1,HL12T16HL
HFT018,1800폭 테이블,199000,139000,0.3,0.1,1,1,HFT018
HSUD012,1200폭 책상,290000,203000,0.3,0.1,1,1,HSUD012
HL70Y12MLN,1200폭 델타듀얼 소파테이블(D540),399000,279000,0.3,0.1,1,1,HL70Y12MLN
HEL410,소파테이블,169000,118000,0.3,0.1,1,1,HEL410
HSPD010N,멀티테이블,239000,167000,0.3,0.1,1,1,HSPD010N
HCS760T,코모 사이드테이블 (USB),189000,132000,0.3,0.1,1,1,HCS760T
HSUD014F,"낮은 패밀리테이블 1400폭(D750,페닉스)",599000,419000,0.3,0.1,1,1,HSUD014F
HFT014,1400폭 테이블,179000,125000,0.3,0.1,1,1,HFT014
HSUD018F,"패밀리테이블 1800폭(D800,페닉스)",749000,524000,0.3,0.1,1,1,HSUD018F
HSUD014,낮은 패밀리테이블 1400폭(D750),299000,209000,0.3,0.1,1,1,HSUD014
HT90Y16EL,패밀리테이블 1600폭(온라인몰 전용),499000,349000,0.3,0.1,1,1,HT90Y16EL
HSUD012H,바테이블 1200폭(D450),269000,188000,0.3,0.1,1,1,HSUD012H
HL70Y12LLN,1200폭 소파테이블(D725),449000,314000,0.3,0.1,1,1,HL70Y12LLN
HSPD110N,멀티테이블(ACC포함),317000,221000,0.3,0.1,1,1,HSPD110N
HPED012,1200폭 데스크스텝 책상 세트(온라인몰 전용),449000,314000,0.3,0.1,1,1,HPED012
HL60Y12LL,1200폭 소파테이블(낮은다리),239000,167000,0.3,0.1,1,1,HL60Y12LL
HL60Y12HL,1200폭 소파테이블(높은다리),249000,174000,0.3,0.1,1,1,HL60Y12HL
HLC0E04HU,"사이드테이블(조명,H)",199000,139000,0.3,0.1,1,1,HLC0E04HU
HL60Y08LL,800폭 소파테이블(낮은다리),149000,104000,0.3,0.1,1,1,HL60Y08LL
HL31Y12EL,소파테이블 1200폭(L),199000,139000,0.3,0.1,1,1,HL31Y12EL
HL31Y05EL,소파테이블 500폭(H),169000,118000,0.3,0.1,1,1,HL31Y05EL
HL60Y08HL,800폭 소파테이블(높은다리),159000,111000,0.3,0.1,1,1,HL60Y08HL
HLB0Y08HL,소파테이블 높은 800폭,269000,188000,0.3,0.1,1,1,HLB0Y08HL
HLA0T12ELN,소파테이블 1200폭,159000,111000,0.3,0.1,1,1,HLA0T12ELN
HLB0Y05EL,사이드테이블,199000,139000,0.3,0.1,1,1,HLB0Y05EL
HSPA0102,다용도꽂이,25000,17000,0.3,0.1,1,1,HSPA0102
HC70Y22EL,AV장 2200폭,399000,279000,0.3,0.1,1,1,HC70Y22EL
HT00Y08LL,원형테이블 800폭(L),339000,237000,0.3,0.1,1,1,HT00Y08LL
HLC0E04EU,사이드테이블(조명),194000,135000,0.3,0.1,1,1,HLC0E04EU
HT00Y08EL,원형테이블 800폭(H),359000,251000,0.3,0.1,1,1,HT00Y08EL
HL14E06EL,사이드테이블(전면형),79000,55000,0.3,0.1,1,1,HL14E06EL
HSPA104,목제원형거울,68000,47000,0.3,0.1,1,1,HSPA104
HLF0E09EL,소파테이블 900폭,190000,133000,0.3,0.1,1,1,HLF0E09EL
HL41Y12EG,1200폭 유리 소파테이블,399000,279000,0.3,0.1,1,1,HL41Y12EG
HXEL510,좌식테이블(온라인몰 전용),99000,69000,0.3,0.1,1,1,HXEL510
HLC0E04EL,사이드테이블,120000,84000,0.3,0.1,1,1,HLC0E04EL
HT00Y06LL,원형테이블 600폭(L),269000,188000,0.3,0.1,1,1,HT00Y06LL
HT00Y06EL,원형테이블 600폭(H),289000,202000,0.3,0.1,1,1,HT00Y06EL
HXL70Y12EL,소파테이블(온라인)(온라인몰 전용),289000,202000,0.3,0.1,1,1,HXL70Y12EL
HLC0E04HL,사이드테이블(H),125000,87000,0.3,0.1,1,1,HLC0E04HL
HL41Y06EG,650폭 유리 소파테이블,269000,188000,0.3,0.1,1,1,HL41Y06EG
HL32Y14EF,"소파테이블 1400폭(L,페닉스)",399000,279000,0.3,0.1,1,1,HL32Y14EF
HSJL009,900폭 원형테이블,119000,83000,0.3,0.1,1,1,HSJL009
HL32Y14EL,소파테이블 1400폭(L),239000,167000,0.3,0.1,1,1,HL32Y14EL
HL91T12ET,소파테이블 1200폭,239000,167000,0.3,0.1,1,1,HL91T12ET
HSJL006,600폭 원형테이블,89000,62000,0.3,0.1,1,1,HSJL006
HL32Y05EL,소파테이블 500폭(H),129000,90000,0.3,0.1,1,1,HL32Y05EL
HL75Y12EE,1200폭 리프트업 테이블,629000,440000,0.3,0.1,1,1,HL75Y12EE
HL35E08EL,소파테이블 800폭,259000,181000,0.3,0.1,1,1,HL35E08EL
HL35E05EL,소파테이블 500폭,199000,139000,0.3,0.1,1,1,HL35E05EL
HL35E08EG,소파테이블 800폭(유리),399000,279000,0.3,0.1,1,1,HL35E08EG
HP311621,AV장 1600폭,479000,335000,0.3,0.1,1,1,HP311621
HP60Y202L,2000폭 확장형 거실장,669000,468000,0.3,0.1,1,1,HP60Y202L
HP60Y222U,2200폭 다리형 거실장,590000,413000,0.3,0.1,1,1,HP60Y222U
HP901201,1200폭 거실장,275000,192000,0.3,0.1,1,1,HP901201
HP60Y202G,2000폭 AV장(고급형_유리포함),759000,531000,0.3,0.1,1,1,HP60Y202G
HP61Y18EL,1800폭 AV장,639000,447000,0.3,0.1,1,1,HP61Y18EL
HSPP166,1600폭 6단 거실장,787000,550000,0.3,0.1,1,1,HSPP166
HC70Y18EL,콘솔장 1800폭,499000,349000,0.3,0.1,1,1,HC70Y18EL
HP60Y061L,600폭 사이드장,149000,104000,0.3,0.1,1,1,HP60Y061L
HP60Y222E,2200폭 글라이드형 거실장,520000,364000,0.3,0.1,1,1,HP60Y222E
HSPP161,1600폭 1단 거실장,409000,286000,0.3,0.1,1,1,HSPP161
HP60Y083U,800폭 사이드장 (철제다리형),369000,258000,0.3,0.1,1,1,HP60Y083U
HCF1D20HL,"거실장 2000폭(도어,다리형)",449000,314000,0.3,0.1,1,1,HCF1D20HL
HP60Y061G,600폭 사이드장(고급형_유리포함),179000,125000,0.3,0.1,1,1,HP60Y061G
HP60Y083E,800폭 사이드장 (글라이더형),314000,219000,0.3,0.1,1,1,HP60Y083E
HC70Y16EL,벤치형 AV장 1600폭,299000,209000,0.3,0.1,1,1,HC70Y16EL
HCF2P21HL,"거실장 2100폭(서랍,다리형)",899000,629000,0.3,0.1,1,1,HCF2P21HL
HCF1P20HL,"거실장 2000폭(서랍,다리형)",499000,349000,0.3,0.1,1,1,HCF1P20HL
HCF2D21HL,"거실장 2100폭(도어,다리형)",839000,587000,0.3,0.1,1,1,HCF2D21HL
HCF1D20LL,"거실장 2000폭(도어,글라이드형)",369000,258000,0.3,0.1,1,1,HCF1D20LL
HCF2P31HL,"거실장 3100폭(서랍,다리형)",1239000,867000,0.3,0.1,1,1,HCF2P31HL
HCF2D31HL,"거실장 3100폭(도어,다리형)",1149000,804000,0.3,0.1,1,1,HCF2D31HL
HCF2P21LL,"거실장 2100폭(서랍,글라이드형)",819000,573000,0.3,0.1,1,1,HCF2P21LL
HCF1P20LL,"거실장 2000폭(서랍,글라이드형)",419000,293000,0.3,0.1,1,1,HCF1P20LL
HCF2P31LL,"거실장 3100폭(서랍,글라이드형)",1089000,762000,0.3,0.1,1,1,HCF2P31LL
HCF1P10HL,"사이드장 1000폭(서랍,다리형)",269000,188000,0.3,0.1,1,1,HCF1P10HL
HCF1D05HL,"사이드장 500폭(도어,다리형)",169000,118000,0.3,0.1,1,1,HCF1D05HL
HCF1P10LL,"사이드장 1000폭(서랍,글라이드형)",199000,139000,0.3,0.1,1,1,HCF1P10LL
HCF2D21LL,"거실장 2100폭(도어,글라이드형)",759000,531000,0.3,0.1,1,1,HCF2D21LL
HCF1D05LL,"사이드장 500폭(도어,글라이드형)",96000,67000,0.3,0.1,1,1,HCF1D05LL
HCF2D31LL,"거실장 3100폭(도어,글라이드형)",999000,699000,0.3,0.1,1,1,HCF2D31LL
HCS763PF,"펫 3인 SET(패브릭,우)(온라인몰 전용)",1129000,790000,0.3,0.1,1,1,HCS763PF
HCS783C,코너형 천연가죽 모듈소파,2800000,1959000,0.3,0.1,1,1,HCS783C
HCS4903,마리 3인 천연가죽 컴팩트 소파,1290000,903000,0.3,0.1,1,1,HCS4903
HCS762PF,"펫 2인 SET(패브릭,우)(온라인몰 전용)",1019000,713000,0.3,0.1,1,1,HCS762PF
HCS763FN,3인 패브릭 모듈소파,1010000,707000,0.3,0.1,1,1,HCS763FN
HCS5901,암체어,439000,307000,0.3,0.1,1,1,HCS5901
HCS704,베른 4인 천연가죽 하이백 소파,2890000,2022000,0.3,0.1,1,1,HCS704
HCS763TFN,3인 패브릭 수납형 모듈소파,1199000,839000,0.3,0.1,1,1,HCS763TFN
HCS783CF,코너형 패브릭 모듈소파,2220000,1554000,0.3,0.1,1,1,HCS783CF
HCS714F,코펜하겐 4인 아쿠아클린 패브릭 모듈 소파,2790000,1952000,0.3,0.1,1,1,HCS714F
HCS710EC,코펜하겐 코너 천연가죽 모듈 소파,4390000,3073000,0.3,0.1,1,1,HCS710EC
HCS713F,코펜하겐 3인 아쿠아클린 패브릭 모듈 소파,1990000,1393000,0.3,0.1,1,1,HCS713F
HCS783,3인 천연가죽 모듈소파,2090000,1463000,0.3,0.1,1,1,HCS783
HCS6303,3인 소파(가죽),1590000,1113000,0.3,0.1,1,1,HCS6303
HCS8101,"볼케S (S가죽,전동)",1790000,1253000,0.3,0.1,1,1,HCS8101
HCS762FN,2인 패브릭 모듈소파,710000,496000,0.3,0.1,1,1,HCS762FN
HCS664V,카이로 4인 전동 리클라이너 소파,3590000,2513000,0.3,0.1,1,1,HCS664V
HCS5803,보스턴 3인 천연가죽 소파,1990000,1393000,0.3,0.1,1,1,HCS5803
HCS714,코펜하겐 4인 천연가죽 모듈 소파,2790000,1952000,0.3,0.1,1,1,HCS714
HCS713,코펜하겐 3인 천연가죽 모듈 소파,1990000,1393000,0.3,0.1,1,1,HCS713
HCS934F,플롭 4인 아쿠아클린 패브릭 모듈 소파,3290000,2303000,0.3,0.1,1,1,HCS934F
HCS7003N,베른 3인 천연가죽 하이백 소파,1990000,1393000,0.3,0.1,1,1,HCS7003N
HCS4902,마리 2인 천연가죽 컴팩트 소파,990000,693000,0.3,0.1,1,1,HCS4902
HCS710ECF,코펜하겐 코너 아쿠아클린 패브릭 모듈 소파,4390000,3073000,0.3,0.1,1,1,HCS710ECF
HCS783F,3인 패브릭 모듈소파,1690000,1183000,0.3,0.1,1,1,HCS783F
HCS8101F,"볼케S (패브릭,전동)",1590000,1113000,0.3,0.1,1,1,HCS8101F
HCS7800B,천연가죽 벤치,330000,230000,0.3,0.1,1,1,HCS7800B
HCS714CR,코펜하겐 카우치(우) 천연가죽 모듈 소파,3190000,2233000,0.3,0.1,1,1,HCS714CR
HCS663V,카이로 3인 전동 리클라이너 소파,2890000,2022000,0.3,0.1,1,1,HCS663V
HCS762TFN,2인 패브릭 수납형 모듈소파,899000,629000,0.3,0.1,1,1,HCS762TFN
HCS782,2인 천연가죽 모듈소파,1390000,972000,0.3,0.1,1,1,HCS782
HCS714CL,코펜하겐 카우치(좌) 천연가죽 모듈 소파,3190000,2233000,0.3,0.1,1,1,HCS714CL
HCS883,밴쿠버 3인 천연가죽 컴팩트 소파,1790000,1253000,0.3,0.1,1,1,HCS883
HCH9002,원목 스툴,119000,83000,0.3,0.1,1,1,HCH9002
HCS584CR,보스턴 카우치(우) 천연가죽 소파,3190000,2233000,0.3,0.1,1,1,HCS584CR
HCS7610BF,등받이 쿠션(패브릭),190000,133000,0.3,0.1,1,1,HCS7610BF
HCS584,보스턴 4인 천연가죽 소파,2690000,1882000,0.3,0.1,1,1,HCS584
HCS704CL,베른 카우치(좌) 천연가죽 하이백 소파,3290000,2303000,0.3,0.1,1,1,HCS704CL
HCS714CRF,코펜하겐 카우치(우) 아쿠아클린 패브릭 모듈 소파,3190000,2233000,0.3,0.1,1,1,HCS714CRF
HCS782F,2인 패브릭 모듈소파,1100000,770000,0.3,0.1,1,1,HCS782F
HCS774,콜마르 4인(가죽),2790000,1952000,0.3,0.1,1,1,HCS774
HCS7800BF,패브릭 벤치,270000,189000,0.3,0.1,1,1,HCS7800BF
HCS5900,오토만,159000,111000,0.3,0.1,1,1,HCS5900
HCS6301,1인 소파(가죽),990000,693000,0.3,0.1,1,1,HCS6301
HCS5013,맨하탄 3인(가죽),2190000,1533000,0.3,0.1,1,1,HCS5013
HCS8101N,"볼케S (P가죽,전동)",1990000,1393000,0.3,0.1,1,1,HCS8101N
HCS504N,맨하탄R 4인(가죽),2990000,2092000,0.3,0.1,1,1,HCS504N
HCS933F,플롭 3인 아쿠아클린 패브릭 모듈 소파,2290000,1603000,0.3,0.1,1,1,HCS933F
HCS714CLF,코펜하겐 카우치(좌) 아쿠아클린 패브릭 모듈 소파,3190000,2233000,0.3,0.1,1,1,HCS714CLF
HCS504CL,맨하탄R 카우치 좌(가죽),3690000,2583000,0.3,0.1,1,1,HCS504CL
HCS884,밴쿠버 4인 천연가죽 컴팩트 소파,2390000,1673000,0.3,0.1,1,1,HCS884
HCS898F,3.5인(패브릭),2290000,1603000,0.3,0.1,1,1,HCS898F
HCS704CR,베른 카우치(우) 천연가죽 하이백 소파,3290000,2303000,0.3,0.1,1,1,HCS704CR
HCS888F,밴쿠버 3.5인 아쿠아 발수 패브릭 소파,1890000,1323000,0.3,0.1,1,1,HCS888F
HCS883F,밴쿠버 3인 아쿠아 발수 패브릭 소파,1490000,1042000,0.3,0.1,1,1,HCS883F
HCS884F,밴쿠버 4인 아쿠아 발수 패브릭 소파,1990000,1393000,0.3,0.1,1,1,HCS884F
HCS878U,오클랜드 3.5인 천연가죽 하이백 소파 (스틸),2490000,1743000,0.3,0.1,1,1,HCS878U
HCS584CL,보스턴 카우치(좌) 천연가죽 소파,3190000,2233000,0.3,0.1,1,1,HCS584CL
HCS504CR,맨하탄R 카우치 우(가죽),3690000,2583000,0.3,0.1,1,1,HCS504CR
HCS7703,3인(가죽),1990000,1393000,0.3,0.1,1,1,HCS7703
HCS894F,4인(패브릭),2590000,1813000,0.3,0.1,1,1,HCS894F
HCS888,밴쿠버 3.5인 천연가죽 컴팩트 소파,2090000,1463000,0.3,0.1,1,1,HCS888
HCS4900,마리 스툴 천연가죽 컴팩트 소파,390000,273000,0.3,0.1,1,1,HCS4900
HCS4901,마리 1인 천연가죽 컴팩트 소파,590000,413000,0.3,0.1,1,1,HCS4901
HCS874W,오클랜드 4인 천연가죽 하이백 소파 (우드),2890000,2022000,0.3,0.1,1,1,HCS874W
HCS878WF,오클랜드 3.5인 아쿠아클린 패브릭 소파 (우드),2490000,1743000,0.3,0.1,1,1,HCS878WF
HCS834,4인(가죽),3390000,2373000,0.3,0.1,1,1,HCS834
HCS7801Z,1인 가드(인조),135000,94000,0.3,0.1,1,1,HCS7801Z
HCS763PLF,"펫 3인 SET(패브릭,좌)(온라인몰 전용)",1129000,790000,0.3,0.1,1,1,HCS763PLF
HCS853CL,3인 카우치 좌(가죽),2690000,1882000,0.3,0.1,1,1,HCS853CL
HCS878W,오클랜드 3.5인 천연가죽 하이백 소파 (우드),2490000,1743000,0.3,0.1,1,1,HCS878W
HCS753,글렌데일 3인(가죽),1690000,1183000,0.3,0.1,1,1,HCS753
HCS8903F,3인(패브릭),1790000,1253000,0.3,0.1,1,1,HCS8903F
HCS5911,암체어(부클 패브릭),499000,349000,0.3,0.1,1,1,HCS5911
HCS7801ZF,1인 가드(패브릭),135000,94000,0.3,0.1,1,1,HCS7801ZF
HCS853CR,3인 카우치 우(가죽),2690000,1882000,0.3,0.1,1,1,HCS853CR
HCS7800C,1인 가드 쿠션(가죽),99000,69000,0.3,0.1,1,1,HCS7800C
HCS762PLF,"펫 2인 SET(패브릭,좌)(온라인몰 전용)",1019000,713000,0.3,0.1,1,1,HCS762PLF
HCS7800CF,1인 가드 쿠션(패브릭),75000,52000,0.3,0.1,1,1,HCS7800CF
HCS5010C,맨하탄 미니쿠션(패브릭),79000,55000,0.3,0.1,1,1,HCS5010C
HCS5010B,맨하탄 등쿠션(가죽),190000,133000,0.3,0.1,1,1,HCS5010B
HCS874U,오클랜드 4인 천연가죽 하이백 소파 (스틸),2890000,2022000,0.3,0.1,1,1,HCS874U
HCS8503,3인(가죽),1590000,1113000,0.3,0.1,1,1,HCS8503
HCS7700,스툴(가죽),439000,307000,0.3,0.1,1,1,HCS7700
HCS753F,글렌데일 3인(패브릭)(온라인몰 전용),1390000,972000,0.3,0.1,1,1,HCS753F
HCS874UF,오클랜드 4인 아쿠아클린 패브릭 소파 (스틸),2890000,2022000,0.3,0.1,1,1,HCS874UF
HCS878UF,오클랜드 3.5인 아쿠아클린 패브릭 소파 (스틸),2490000,1743000,0.3,0.1,1,1,HCS878UF
HCS874WF,오클랜드 4인 아쿠아클린 패브릭 소파 (우드),2890000,2022000,0.3,0.1,1,1,HCS874WF
HCS873WF,오클랜드 3인 아쿠아클린 패브릭 소파 (우드),1990000,1393000,0.3,0.1,1,1,HCS873WF
ISY30AK10A,"3인(멀티탭,패브릭)",1330000,930000,0.3,0.1,1,1,ISY30AK10A
HCS873W,오클랜드 3인 천연가죽 하이백 소파 (우드),1990000,1393000,0.3,0.1,1,1,HCS873W
HCS8303,3인(가죽),2590000,1813000,0.3,0.1,1,1,HCS8303
HCS5910,오토만(부클 패브릭),189000,132000,0.3,0.1,1,1,HCS5910
HCS870W,오클랜드 스툴 천연가죽 하이백 소파 (우드),490000,343000,0.3,0.1,1,1,HCS870W
HCS873U,오클랜드 3인 천연가죽 하이백 소파 (스틸),1990000,1393000,0.3,0.1,1,1,HCS873U
ISB0000A,3인(패브릭),1090000,763000,0.3,0.1,1,1,ISB0000A
ISY20AK10A,"어라운드 2인(멀티탭,패브릭)",1130000,791000,0.3,0.1,1,1,ISY20AK10A
HCS870WF,오클랜드 스툴 아쿠아클린 패브릭 소파 (우드),490000,343000,0.3,0.1,1,1,HCS870WF
HCS8500H,헤드레스트(가죽),179000,125000,0.3,0.1,1,1,HCS8500H
HCS8900F,스툴(패브릭),390000,273000,0.3,0.1,1,1,HCS8900F
ISU0002A,"컴팩트 코너 우(멀티탭,패브릭)",2390000,1673000,0.3,0.1,1,1,ISU0002A
ISR20AK00A,2인 우(패브릭),1260000,882000,0.3,0.1,1,1,ISR20AK00A
ISU0001A,"컴팩트 코너 좌(멀티탭,패브릭)",2390000,1673000,0.3,0.1,1,1,ISU0001A
HCS873UF,오클랜드 3인 아쿠아클린 패브릭 소파 (스틸),1990000,1393000,0.3,0.1,1,1,HCS873UF
ISL20AK00A,2인 좌(패브릭),1260000,882000,0.3,0.1,1,1,ISL20AK00A
HCS9300F,플롭 스툴 아쿠아클린 패브릭 모듈 소파,690000,482000,0.3,0.1,1,1,HCS9300F
ISB0001A,3인(부클),1290000,903000,0.3,0.1,1,1,ISB0001A
ISU0004A,"와이드 코너 우(멀티탭,패브릭)",2590000,1813000,0.3,0.1,1,1,ISU0004A
HCS870U,오클랜드 스툴 천연가죽 하이백 소파 (스틸),490000,343000,0.3,0.1,1,1,HCS870U
ILY30AK10A,"3인(멀티탭,가죽)",1430000,1000000,0.3,0.1,1,1,ILY30AK10A
ISU0003A,"와이드 코너 좌(멀티탭,패브릭)",2590000,1813000,0.3,0.1,1,1,ISU0003A
HCS811,"볼케R(가죽,전동)",1990000,1393000,0.3,0.1,1,1,HCS811
ISR20AJ00A,2인 우(패브릭),630000,441000,0.3,0.1,1,1,ISR20AJ00A
HCS870UF,오클랜드 스툴 아쿠아클린 패브릭 소파 (스틸),490000,343000,0.3,0.1,1,1,HCS870UF
HCS8011F,"볼케R(패브릭,전동)",1890000,1323000,0.3,0.1,1,1,HCS8011F
ILU0003A,"와이드 코너 좌(멀티탭,가죽)",2890000,2022000,0.3,0.1,1,1,ILU0003A
ILU0004A,"와이드 코너 우(멀티탭,가죽)",2890000,2022000,0.3,0.1,1,1,ILU0004A
ILY20AK10A,"2인(멀티탭,가죽)",1230000,861000,0.3,0.1,1,1,ILY20AK10A
ISY10AJ00A,1인(패브릭),460000,322000,0.3,0.1,1,1,ISY10AJ00A
ISY10AJ01A,1인(부클),530000,371000,0.3,0.1,1,1,ISY10AJ01A
ISL20AJ00A,2인 좌(패브릭),630000,441000,0.3,0.1,1,1,ISL20AJ00A
ILU0002A,"컴팩트 코너 우(멀티탭,가죽)",2690000,1882000,0.3,0.1,1,1,ILU0002A
ISR20AJ01A,2인 우(부클),760000,532000,0.3,0.1,1,1,ISR20AJ01A
ILU0001A,"컴팩트 코너 좌(멀티탭,가죽)",2690000,1882000,0.3,0.1,1,1,ILU0001A
ILL20AK00A,2인 좌(가죽),1460000,1021000,0.3,0.1,1,1,ILL20AK00A
ILR20AK00A,2인 우(가죽),1460000,1021000,0.3,0.1,1,1,ILR20AK00A
ISL20AJ01A,2인 좌(부클),760000,532000,0.3,0.1,1,1,ISL20AJ01A
ISC00AJ00A,무브 미니쿠션(패브릭),49000,34000,0.3,0.1,1,1,ISC00AJ00A
ISC00AJ01A,무브 미니쿠션(부클),53000,37000,0.3,0.1,1,1,ISC00AJ01A
HCS824V,[아울렛] 리스본 4인 리클라이너 소파,2990000,2092000,0.3,0.1,1,1,HCS824V
HSO146AN,6단 다리형 책상 세트 1400폭,789000,552000,0.3,0.1,1,1,HSO146AN
HSK124BSA,4단 스마트데스크 세트 1200폭 (멀티선반형),763000,534000,0.3,0.1,1,1,HSK124BSA
HSO145AN,5단 다리형 책상 세트 1400폭,729000,510000,0.3,0.1,1,1,HSO145AN
HSZ01,"(온라인몰 전용) 멘디 패키지(1400책상,2000파티션책장,1100침대)",999000,699000,0.3,0.1,1,1,HSZ01
HSMD380F,"독서실책상(온라인몰 전용)(조명형,기능형)",399000,279000,0.3,0.1,1,1,HSMD380F
HSO126AN,6단 다리형 책상 세트 1200폭,669000,468000,0.3,0.1,1,1,HSO126AN
HSOD120N,1160폭 다리형 책상,219000,153000,0.3,0.1,1,1,HSOD120N
HSO146AMPN,6단 모션데스크 세트 1400폭,1319000,923000,0.3,0.1,1,1,HSO146AMPN
HSK124BA,"4단 측판형 책상 세트 1200폭 (멀티선반형,포밍범퍼)",579000,405000,0.3,0.1,1,1,HSK124BA
HSO123BN,3단 측판형 책상 세트 1200폭,529000,370000,0.3,0.1,1,1,HSO123BN
HSO143BN,3단 측판형 책상 세트 1400폭,629000,440000,0.3,0.1,1,1,HSO143BN
HSYD012H,"책상(1200폭,책선반형)",329000,230000,0.3,0.1,1,1,HSYD012H
HSKA0000X,가방걸이,3000,2000,0.3,0.1,1,1,HSKA0000X
HSM127A,1200폭 7단 다리형 책상 SET,569000,398000,0.3,0.1,1,1,HSM127A
HSZ02,"(온라인몰 전용) 멘디 패키지(1000책상,1400파티션책장,1100침대)",899000,629000,0.3,0.1,1,1,HSZ02
HSOD140,1400폭 다리형 책상,249000,174000,0.3,0.1,1,1,HSOD140
HSM147A,1400폭 7단 다리형 책상 SET,699000,489000,0.3,0.1,1,1,HSM147A
HSM145BE,1400폭 5단 직사각 책상 SET(트레이형),619000,433000,0.3,0.1,1,1,HSM145BE
HSK126AA,"6단 다리형 책상 세트 1200폭 (멀티선반형,포밍범퍼)",559000,391000,0.3,0.1,1,1,HSK126AA
HSO125AMPN,5단 모션데스크 세트 1200폭,1169000,818000,0.3,0.1,1,1,HSO125AMPN
HSK144BAE,"4단 측판형 책상 세트 1400폭 (멀티선반형,일반엣지)",664000,464000,0.3,0.1,1,1,HSK144BAE
HSKA0002,북엔드(2ea),4000,2000,0.3,0.1,1,1,HSKA0002
HSM147ASMP,1400폭 7단 모션데스크 SET,1319000,923000,0.3,0.1,1,1,HSM147ASMP
HSMD114,모션데스크,959000,671000,0.3,0.1,1,1,HSMD114
HSM145A,1400폭 5단 다리형 책상 SET,579000,405000,0.3,0.1,1,1,HSM145A
HSO145AMPN,5단 모션데스크 세트 1400폭,1239000,867000,0.3,0.1,1,1,HSO145AMPN
HLA0401,액세서리박스,49000,34000,0.3,0.1,1,1,HLA0401
HSYD010H,"책상(1000폭,책선반형)(온라인몰 전용)",249000,174000,0.3,0.1,1,1,HSYD010H
HSWD010,모션데스크,999000,699000,0.3,0.1,1,1,HSWD010
HSK124BBE,"4단 측판형 책상 세트 1200폭 (책선반형,일반엣지)",509000,356000,0.3,0.1,1,1,HSK124BBE
HGA0202,데스크패드,72000,50000,0.3,0.1,1,1,HGA0202
HSOD140TO,다리형 책상 1400폭 (D600),199000,139000,0.3,0.1,1,1,HSOD140TO
HSMD014,1400폭 책상,219000,153000,0.3,0.1,1,1,HSMD014
HSKA901N,LED 책상조명,150000,105000,0.3,0.1,1,1,HSKA901N
HSZD014C,(온라인몰 전용) 책상 1400폭 (스크린형),349000,244000,0.3,0.1,1,1,HSZD014C
HSO124BN,4단 측판형 책상 세트 1200폭,569000,398000,0.3,0.1,1,1,HSO124BN
HSM165B,1600폭 5단 측판형 책상 SET(멀티탭형),729000,510000,0.3,0.1,1,1,HSM165B
HSYD012L,"책상(1200폭,모니터선반형)",299000,209000,0.3,0.1,1,1,HSYD012L
HSO125ATOR,1200폭 5단 다리형 책상세트(D600),519000,363000,0.3,0.1,1,1,HSO125ATOR
HSM125A,1200폭 5단 다리형 책상 SET,479000,335000,0.3,0.1,1,1,HSM125A
HSM145B,1400폭 5단 측판형 책상 SET(멀티탭형),689000,482000,0.3,0.1,1,1,HSM145B
HSKA0302B,미니서랍(4EA),50000,35000,0.3,0.1,1,1,HSKA0302B
HSO125AN,5단 다리형 책상 세트 1200폭,629000,440000,0.3,0.1,1,1,HSO125AN
HSZ04,"(온라인몰 전용) 멘디 패키지(1000책상,2000파티션책장,1100침대)",929000,650000,0.3,0.1,1,1,HSZ04
HSZD010C,(온라인몰 전용) 책상 1000폭 (스크린형),279000,195000,0.3,0.1,1,1,HSZD010C
HSO146ATOR,1400폭 6단 다리형 책상세트(D600),669000,468000,0.3,0.1,1,1,HSO146ATOR
HSO144BN,4단 측판형 책상 세트 1400폭,669000,468000,0.3,0.1,1,1,HSO144BN
HSKA0302A,회전선반(3EA),50000,35000,0.3,0.1,1,1,HSKA0302A
HSM125BE,1200폭 5단 측판형 책상 SET(트레이형),499000,349000,0.3,0.1,1,1,HSM125BE
HSK121BS,1단 스마트데스크 세트 1200폭 (멀티선반형),639000,447000,0.3,0.1,1,1,HSK121BS
HSOD214,모션데스크 1400폭,899000,629000,0.3,0.1,1,1,HSOD214
HSK126AB,"6단 다리형 책상 세트 1200폭 (책선반형,포밍범퍼)",509000,356000,0.3,0.1,1,1,HSK126AB
HSKD612,모션데스크,1120000,784000,0.3,0.1,1,1,HSKD612
HSO126AMPN,6단 모션데스크 세트 1200폭,1229000,860000,0.3,0.1,1,1,HSO126AMPN
HSO146ATORC,"(벽고정) 1400폭 6단 다리형 책상세트(D600,상부도어포함)",769000,538000,0.3,0.1,1,1,HSO146ATORC
HSMD816E,"1600폭 직사각책상 (D740,트레이형)",329000,230000,0.3,0.1,1,1,HSMD816E
HAA0102,수납선반,8000,5000,0.3,0.1,1,1,HAA0102
HL08N,일자형 책상세트,439000,307000,0.3,0.1,1,1,HL08N
HL02N,L형 책상세트,699000,489000,0.3,0.1,1,1,HL02N
HSOD120TO,다리형 책상 1160폭 (D600),179000,125000,0.3,0.1,1,1,HSOD120TO
HSK124BAE,"4단 측판형 책상 세트 1200폭 (멀티선반형,일반엣지)",559000,391000,0.3,0.1,1,1,HSK124BAE
HSO126ATORC,"(벽고정) 1200폭 6단 다리형 책상세트(D600,상부도어포함)",649000,454000,0.3,0.1,1,1,HSO126ATORC
HSKA0904,책상조명(각도조절형),200000,140000,0.3,0.1,1,1,HSKA0904
HSMD814E,"1400폭 직사각책상 (D740,트레이형)",309000,216000,0.3,0.1,1,1,HSMD814E
HSO145ATOR,1400폭 5단 다리형 책상세트(D600),614000,429000,0.3,0.1,1,1,HSO145ATOR
HSOD410N,익스텐션 책상,90000,62000,0.3,0.1,1,1,HSOD410N
HSZ03,"(온라인몰 전용) 멘디 패키지(1400책상,1400파티션책장,1100침대)",969000,678000,0.3,0.1,1,1,HSZ03
HSMA0001,자석세트(4EA),2000,1000,0.3,0.1,1,1,HSMA0001
HSK124BSB,4단 스마트데스크 세트 1200폭 (책선반형),713000,499000,0.3,0.1,1,1,HSK124BSB
HSK144BA,"4단 측판형 책상 세트 1400폭 (멀티선반형,포밍범퍼)",684000,478000,0.3,0.1,1,1,HSK144BA
HSZD014,(온라인몰 전용) 책상 1400폭,249000,174000,0.3,0.1,1,1,HSZD014
HSM125B,1200폭 5단 측판형 책상 SET(멀티탭형),569000,398000,0.3,0.1,1,1,HSM125B
HSOD212,모션데스크 1160폭,859000,601000,0.3,0.1,1,1,HSOD212
HAA0601,연필꽂이,8000,5000,0.3,0.1,1,1,HAA0601
HSZD010,(온라인몰 전용) 책상 1000폭,199000,139000,0.3,0.1,1,1,HSZD010
HSK144BBE,"4단 측판형 책상 세트 1400폭 (책선반형,일반엣지)",614000,429000,0.3,0.1,1,1,HSK144BBE
HSK126ABE,"6단 다리형 책상 세트 1200폭 (책선반형,일반엣지)",489000,342000,0.3,0.1,1,1,HSK126ABE
HSO145ATORC,"(벽고정) 1400폭 5단 다리형 책상세트(D600,상부도어포함)",714000,499000,0.3,0.1,1,1,HSO145ATORC
HSO126ATOR,1200폭 6단 다리형 책상세트(D600),554000,387000,0.3,0.1,1,1,HSO126ATOR
HSOD114,측판형 책상 1400폭,299000,209000,0.3,0.1,1,1,HSOD114
HSK144BSA,4단 스마트데스크 세트 1400폭 (멀티선반형),883000,618000,0.3,0.1,1,1,HSK144BSA
HSK121B,"1단 측판형 책상 세트 1200폭 (멀티선반형,포밍범퍼)",455000,318000,0.3,0.1,1,1,HSK121B
HSOD112,측판형 책상 1200폭,249000,174000,0.3,0.1,1,1,HSOD112
HSO125ATORC,"(벽고정) 1200폭 5단 다리형 책상세트(D600,상부도어포함)",614000,429000,0.3,0.1,1,1,HSO125ATORC
HSMD812E,"1200폭 직사각책상 (D740,트레이형)",259000,181000,0.3,0.1,1,1,HSMD812E
HSKD014ER,다리형 책상 1360폭 (일반엣지),180000,125000,0.3,0.1,1,1,HSKD014ER
HLD012,1200폭 책상,210000,147000,0.3,0.1,1,1,HLD012
HSMD814,"1400폭 측판형 책상(D740,멀티탭형)",379000,265000,0.3,0.1,1,1,HSMD814
HSK144BB,"4단 측판형 책상 세트 1400폭 (책선반형,포밍범퍼)",634000,443000,0.3,0.1,1,1,HSK144BB
HSK146AB,"6단 다리형 책상 세트 1400폭 (책선반형,포밍범퍼)",589000,412000,0.3,0.1,1,1,HSK146AB
HSK124BB,"4단 측판형 책상 세트 1200폭 (책선반형,포밍범퍼)",529000,370000,0.3,0.1,1,1,HSK124BB
HCA0918,림버 1500 LED 스탠드,48000,33000,0.3,0.1,1,1,HCA0918
HSZF014,"(온라인몰 전용) 스크린 1400폭(간이선반,연필꽂이 포함)",100000,70000,0.3,0.1,1,1,HSZF014
HSK144BSB,4단 스마트데스크 세트 1400폭 (책선반형),833000,583000,0.3,0.1,1,1,HSK144BSB
HSK126ASM,링키플러스 모션데스크 세트 6단 1200폭,1499000,1049000,0.3,0.1,1,1,HSK126ASM
HSK146AA,"6단 다리형 책상 세트 1400폭 (멀티선반형,포밍범퍼)",639000,447000,0.3,0.1,1,1,HSK146AA
HSK146ABE,"6단 다리형 책상 세트 1400폭 (책선반형,일반엣지)",569000,398000,0.3,0.1,1,1,HSK146ABE
HSK126AAE,"6단 다리형 책상 세트 1200폭 (멀티선반형,일반엣지)",539000,377000,0.3,0.1,1,1,HSK126AAE
HSK141BS,1단 스마트데스크 세트 1400폭 (멀티선반형),724000,506000,0.3,0.1,1,1,HSK141BS
HSKD012ER,다리형 책상 1160폭 (일반엣지),160000,112000,0.3,0.1,1,1,HSKD012ER
HSMD812,"1200폭 측판형 책상(D740,멀티탭형)",329000,230000,0.3,0.1,1,1,HSMD812
HSK146AAE,"6단 다리형 책상 세트 1400폭 (멀티선반형,일반엣지)",619000,433000,0.3,0.1,1,1,HSK146AAE
HSZF010,"(온라인몰 전용) 스크린 1000폭(간이선반,연필꽂이 포함)",80000,56000,0.3,0.1,1,1,HSZF010
HSK121BE,"1단 측판형 책상 세트 1200폭 (멀티선반형,일반엣지)",435000,304000,0.3,0.1,1,1,HSK121BE
HSKD012R,다리형 책상 1160폭 (포밍범퍼),180000,125000,0.3,0.1,1,1,HSKD012R
HSKD512F,스마트데스크 1200폭,479000,335000,0.3,0.1,1,1,HSKD512F
HSKD014R,다리형 책상 1360폭 (포밍범퍼),200000,140000,0.3,0.1,1,1,HSKD014R
HSAA3101,1000폭 모니터선반(수납형),43000,30000,0.3,0.1,1,1,HSAA3101
HSK141B,"1단 측판형 책상 세트 1400폭 (멀티선반형,포밍범퍼)",525000,367000,0.3,0.1,1,1,HSK141B
HSK141BE,"1단 측판형 책상 세트 1400폭 (멀티선반형,일반엣지)",505000,353000,0.3,0.1,1,1,HSK141BE
HSKD512E,측판형 책상 1200폭 (일반엣지),275000,192000,0.3,0.1,1,1,HSKD512E
HSKD514F,스마트데스크 1400폭,549000,384000,0.3,0.1,1,1,HSKD514F
HSAA3060,600폭 모니터선반,30000,21000,0.3,0.1,1,1,HSAA3060
HSKD512,측판형 책상 1200폭 (포밍범퍼),295000,206000,0.3,0.1,1,1,HSKD512
HSKD514E,측판형 책상 1400폭 (일반엣지),330000,230000,0.3,0.1,1,1,HSKD514E
HSKD514,측판형 책상 1400폭 (포밍범퍼),350000,244000,0.3,0.1,1,1,HSKD514
HSKD612T,링키플러스 모션데스크 1200폭 (전면가드X),1120000,784000,0.3,0.1,1,1,HSKD612T
HSKD420F,"익스텐션 책상 (포밍범퍼,스마트용)",180000,125000,0.3,0.1,1,1,HSKD420F
HL10,일자형 책상세트+이동서랍,589000,412000,0.3,0.1,1,1,HL10
HSKD420E,"익스텐션 책상 (일반엣지,측판형용)",185000,129000,0.3,0.1,1,1,HSKD420E
HSKD420,"익스텐션 책상 (포밍범퍼,측판형용)",200000,140000,0.3,0.1,1,1,HSKD420
HSAA2027,액세서리보드 270폭,60000,42000,0.3,0.1,1,1,HSAA2027
HSOC086,800폭 6단 책장,219000,153000,0.3,0.1,1,1,HSOC086
HSMC067ME,600폭 다용도장,349000,244000,0.3,0.1,1,1,HSMC067ME
HSMC067E,600폭 7단 책장,199000,139000,0.3,0.1,1,1,HSMC067E
HSOC065,5단 책장 600폭,159000,111000,0.3,0.1,1,1,HSOC065
HSOC125DNA,5단 책상장 1200폭,410000,287000,0.3,0.1,1,1,HSOC125DNA
HSOC085N,800폭 5단 책장,209000,146000,0.3,0.1,1,1,HSOC085N
HSOP03,6단 거울서랍장 600폭,529000,370000,0.3,0.1,1,1,HSOP03
HSOC066,6단 책장 600폭,169000,118000,0.3,0.1,1,1,HSOC066
HSMC047E,400폭 7단 책장,169000,118000,0.3,0.1,1,1,HSMC047E
HSMC065E,600폭 5단 책장,169000,118000,0.3,0.1,1,1,HSMC065E
HSZC143,(온라인몰 전용) 3단 파티션책장 1400폭,305000,213000,0.3,0.1,1,1,HSZC143
HSMC123,1200폭 3단 이동책장,210000,147000,0.3,0.1,1,1,HSMC123
HSOP02,5단 거울서랍장 600폭,499000,349000,0.3,0.1,1,1,HSOP02
HSMC045E,400폭 5단 책장,139000,97000,0.3,0.1,1,1,HSMC045E
HSOC145DN,5단 책상장 1400폭,480000,336000,0.3,0.1,1,1,HSOC145DN
HSMC127D,1200폭 7단 책상장,370000,258000,0.3,0.1,1,1,HSMC127D
HSZC203,(온라인몰 전용) 3단 파티션책장 2000폭,335000,234000,0.3,0.1,1,1,HSZC203
HSYC084,800폭 4단 책장,179000,125000,0.3,0.1,1,1,HSYC084
HSKC086FR,800폭 6단 책장(배선),239000,167000,0.3,0.1,1,1,HSKC086FR
HSOC085O,800폭 5단 책장,189000,132000,0.3,0.1,1,1,HSOC085O
HSYC124,1200폭 4단 책장,289000,202000,0.3,0.1,1,1,HSYC124
HSOC146DN,6단 책상장 1400폭,540000,378000,0.3,0.1,1,1,HSOC146DN
HLC066,600폭 책장,149000,104000,0.3,0.1,1,1,HLC066
HSMC125D,1200폭 5단 책상장,280000,196000,0.3,0.1,1,1,HSMC125D
HSOC126DNA,6단 책상장 1200폭,450000,315000,0.3,0.1,1,1,HSOC126DNA
HSMC145D,5단 책상장 1400폭,360000,251000,0.3,0.1,1,1,HSMC145D
HSYC126,1200폭 6단 책장,339000,237000,0.3,0.1,1,1,HSYC126
HSOC086O,800폭 6단 책장,199000,139000,0.3,0.1,1,1,HSOC086O
HSMC147D,7단 책상장 1400폭,480000,336000,0.3,0.1,1,1,HSMC147D
HSOC146DOR,1400폭 6단 책상장,470000,329000,0.3,0.1,1,1,HSOC146DOR
HSAA0204R,다용도꽂이,5000,3000,0.3,0.1,1,1,HSAA0204R
HSYC086,800폭 6단 책장,209000,146000,0.3,0.1,1,1,HSYC086
HSZC142,(온라인몰 전용) 2단 낮은 파티션책장 1400폭,173000,121000,0.3,0.1,1,1,HSZC142
HSOC145DOR,1400폭 5단 책상장,415000,290000,0.3,0.1,1,1,HSOC145DOR
HSOC125DOR,1200폭 5단 책상장,340000,237000,0.3,0.1,1,1,HSOC125DOR
HSAA0202R,다용도선반,5000,3000,0.3,0.1,1,1,HSAA0202R
HSOC126DOR,1200폭 6단 책상장,375000,262000,0.3,0.1,1,1,HSOC126DOR
HSZC202,(온라인몰 전용) 2단 낮은 파티션책장 2000폭,203000,142000,0.3,0.1,1,1,HSZC202
HSAA0000,자석세트(4EA),4000,2000,0.3,0.1,1,1,HSAA0000
HSKC066FR,600폭 6단 책장(배선),179000,125000,0.3,0.1,1,1,HSKC066FR
HSCC713M,"슬라이딩 옷장(2도어,거울형)",919000,643000,0.3,0.1,1,1,HSCC713M
HSOP313RA,책상서랍,199000,139000,0.3,0.1,1,1,HSOP313RA
HSKA041,이동행거,149000,104000,0.3,0.1,1,1,HSKA041
HSMP0303,3단 책상서랍,179000,125000,0.3,0.1,1,1,HSMP0303
HSMC02,600폭 5단 거울서랍장,439000,307000,0.3,0.1,1,1,HSMC02
HSOA040,이동형 전신거울,249000,174000,0.3,0.1,1,1,HSOA040
HSCC713,슬라이딩 옷장(2도어),819000,573000,0.3,0.1,1,1,HSCC713
HSMC01,600폭 3단 거울서랍장,369000,258000,0.3,0.1,1,1,HSMC01
HSCC712M,슬라이딩 옷장(거울도어),599000,419000,0.3,0.1,1,1,HSCC712M
HSLC7083NA,800폭 3단 서랍장,299000,209000,0.3,0.1,1,1,HSLC7083NA
HSKA040,스탠딩행거,90000,62000,0.3,0.1,1,1,HSKA040
HSOC066M,(벽고정) 6단 거울장 600폭,239000,167000,0.3,0.1,1,1,HSOC066M
HSMC7063,3단 서랍장 600폭,259000,181000,0.3,0.1,1,1,HSMC7063
HSOC065M,(벽고정) 5단 거울장 600폭,229000,160000,0.3,0.1,1,1,HSOC065M
HSOP063,3단 서랍장 600폭,329000,230000,0.3,0.1,1,1,HSOP063
HSYP0303,3단 책상서랍,129000,90000,0.3,0.1,1,1,HSYP0303
HSOP084,4단 서랍장 800폭,499000,349000,0.3,0.1,1,1,HSOP084
HSCC712,슬라이딩 옷장(목재도어),519000,363000,0.3,0.1,1,1,HSCC712
HSOP313O,책상서랍,149000,104000,0.3,0.1,1,1,HSOP313O
HL09,1100폭 익스텐션 책상,260000,182000,0.3,0.1,1,1,HL09
HSKC02R,600폭 4단 거울서랍장,459000,321000,0.3,0.1,1,1,HSKC02R
IFM0001A,멀티장 600폭 (우),389000,272000,0.3,0.1,1,1,IFM0001A
HLP0243RN,3단 이동서랍 400폭(손잡이포함),150000,105000,0.3,0.1,1,1,HLP0243RN
IFM0000A,멀티장 600폭 (좌),389000,272000,0.3,0.1,1,1,IFM0000A
IFI0008A,사이드장 600폭,170000,118000,0.3,0.1,1,1,IFI0008A
IFL0000A,"슬라이딩옷장 1100폭 (2도어,서랍형)",799000,559000,0.3,0.1,1,1,IFL0000A
HXZW0001,이동행거 고무링(10EA),5500,3000,0.3,0.1,1,1,HXZW0001
HAP030E,이동행거,86000,60000,0.3,0.1,1,1,HAP030E
IFW0013A,2단 서랍옷장 800폭,599000,419000,0.3,0.1,1,1,IFW0013A
IFW0016A,2단 서랍옷장 800폭 (2단행거),599000,419000,0.3,0.1,1,1,IFW0016A
IFW0019A,3단 서랍옷장 800폭,639000,447000,0.3,0.1,1,1,IFW0019A
IFW0018A,3단 서랍옷장 800폭,539000,377000,0.3,0.1,1,1,IFW0018A
IFW0015A,2단 서랍옷장 800폭 (2단행거),499000,349000,0.3,0.1,1,1,IFW0015A
IFW0012A,2단 서랍옷장 800폭,499000,349000,0.3,0.1,1,1,IFW0012A
IFW0001A,기본장 800폭,498000,348000,0.3,0.1,1,1,IFW0001A
IFW0000A,기본장 800폭,399000,279000,0.3,0.1,1,1,IFW0000A
IFW0007A,정리장 800폭,548000,383000,0.3,0.1,1,1,IFW0007A
IFW0010A,기본장 800폭 (3단행거),528000,369000,0.3,0.1,1,1,IFW0010A
IFW0006A,정리장 800폭,449000,314000,0.3,0.1,1,1,IFW0006A
IFW0014A,2단 서랍옷장 800폭,519000,363000,0.3,0.1,1,1,IFW0014A
IFI0003A,좁은장 400폭,255000,178000,0.3,0.1,1,1,IFI0003A
IFW0020A,3단 서랍옷장 800폭,539000,377000,0.3,0.1,1,1,IFW0020A
IFI0000A,좁은장 400폭,255000,178000,0.3,0.1,1,1,IFI0000A
IFW0009A,기본장 800폭 (3단행거),429000,300000,0.3,0.1,1,1,IFW0009A
IFI0002A,좁은장 400폭 (우),304000,212000,0.3,0.1,1,1,IFI0002A
IFW0017A,2단 서랍옷장 800폭 (2단행거),519000,363000,0.3,0.1,1,1,IFW0017A
IFW0002A,기본장 800폭,399000,279000,0.3,0.1,1,1,IFW0002A
HSKP0313,3단 책상서랍,129000,90000,0.3,0.1,1,1,HSKP0313
IFW0004A,긴장 800폭,498000,348000,0.3,0.1,1,1,IFW0004A
IFW0003A,긴장 800폭,399000,279000,0.3,0.1,1,1,IFW0003A
IFI0004A,좁은장 400폭 (선반형),285000,199000,0.3,0.1,1,1,IFI0004A
IFI0005A,"좁은장 400폭 (선반형,좌)",334000,233000,0.3,0.1,1,1,IFI0005A
IFW0008A,정리장 800폭,449000,314000,0.3,0.1,1,1,IFW0008A
IFI0001A,좁은장 400폭 (좌),304000,212000,0.3,0.1,1,1,IFI0001A
IFW0011A,기본장 800폭 (3단행거),429000,300000,0.3,0.1,1,1,IFW0011A
IFI0006A,"좁은장 400폭 (선반형,우)",334000,233000,0.3,0.1,1,1,IFI0006A
IFW0005A,긴장 800폭,399000,279000,0.3,0.1,1,1,IFW0005A
IFI0007A,좁은장 400폭 (선반형),285000,199000,0.3,0.1,1,1,IFI0007A
HSKC7185,5단 서랍장 800폭,449000,314000,0.3,0.1,1,1,HSKC7185
HSKC7163,3단 서랍장 600폭,259000,181000,0.3,0.1,1,1,HSKC7163
HSKC7063N,[아울렛] 링키플러스 600폭 3단 서랍장,250000,175000,0.3,0.1,1,1,HSKC7063N
HDA510811,화장대 800폭,349000,244000,0.3,0.1,1,1,HDA510811
HPEC126F,책장캣타워(1200폭 6단)_쿠션형(온라인몰 전용),499000,349000,0.3,0.1,1,1,HPEC126F
HPEC126,책장캣타워(1200폭 6단)_기본형(온라인몰 전용),399000,279000,0.3,0.1,1,1,HPEC126
HSFC086NA,6단 800폭 책장,219000,153000,0.3,0.1,1,1,HSFC086NA
HC60Y161,1600폭 다이닝 콘솔,679000,475000,0.3,0.1,1,1,HC60Y161
HC50Y18EL,2단 책장 1800폭,239000,167000,0.3,0.1,1,1,HC50Y18EL
HC50Y12M,4단 책장 1200폭,289000,202000,0.3,0.1,1,1,HC50Y12M
HSFC066NA,6단 600폭 책장,169000,118000,0.3,0.1,1,1,HSFC066NA
HSPC084,4단 기본선반장 800폭,199000,139000,0.3,0.1,1,1,HSPC084
HSVA0001,미니 수납박스,50000,35000,0.3,0.1,1,1,HSVA0001
HC50Y12EL,2단 책장 1200폭,159000,111000,0.3,0.1,1,1,HC50Y12EL
HSFC084N,4단 800폭 책장,189000,132000,0.3,0.1,1,1,HSFC084N
HSFC083N,3단 800폭 책장,139000,97000,0.3,0.1,1,1,HSFC083N
HSFC063N,3단 600폭 책장,99000,69000,0.3,0.1,1,1,HSFC063N
HSFC064N,4단 600폭 책장,139000,97000,0.3,0.1,1,1,HSFC064N
HSPC184,4단 기본선반장 800폭(1단서랍형),269000,188000,0.3,0.1,1,1,HSPC184
HC60Y101HG,1000폭 디스플레이장,859000,601000,0.3,0.1,1,1,HC60Y101HG
HSPC286,6단 기본선반장 800폭(2단서랍형),359000,251000,0.3,0.1,1,1,HSPC286
HSFC082N,2단 800폭 책장,109000,76000,0.3,0.1,1,1,HSFC082N
HSFC182N,2단 800폭 깊은책장,119000,83000,0.3,0.1,1,1,HSFC182N
HSPC1000P,패브릭 수납박스(2ea),17000,11000,0.3,0.1,1,1,HSPC1000P
HC50Y06ML,4단 사이드장 600폭,149000,104000,0.3,0.1,1,1,HC50Y06ML
HSPA0001,포인트박스,19000,13000,0.3,0.1,1,1,HSPA0001
HSFC162N,2단 600폭 깊은책장,89000,62000,0.3,0.1,1,1,HSFC162N
HSPC164,4단 기본선반장 600폭(1단서랍형),249000,174000,0.3,0.1,1,1,HSPC164
HSFC062N,2단 600폭 책장,79000,55000,0.3,0.1,1,1,HSFC062N
HSPC086,6단 기본선반장 800폭,258000,180000,0.3,0.1,1,1,HSPC086
HSPC486,800폭 6단 멀티패널장,329000,230000,0.3,0.1,1,1,HSPC486
HSFA0061N,디바이더 600폭,20000,14000,0.3,0.1,1,1,HSFA0061N
HSFC046N,6단 400폭 책장,139000,97000,0.3,0.1,1,1,HSFC046N
HSPC124,6단 기본선반장 1200폭,349000,244000,0.3,0.1,1,1,HSPC124
HSPC064,4단 기본선반장 600폭,179000,125000,0.3,0.1,1,1,HSPC064
HSPC186,6단 기본선반장 800폭(1단서랍형),328000,229000,0.3,0.1,1,1,HSPC186
HSPC266,6단 기본선반장 600폭(2단서랍형),329000,230000,0.3,0.1,1,1,HSPC266
HC400611,600폭 2단 수납장 (도어형),150000,105000,0.3,0.1,1,1,HC400611
HSPC284,4단 기본선반장 800폭(2단서랍형),300000,210000,0.3,0.1,1,1,HSPC284
HSFA1061N,"디바이더 600폭(서랍형,서랍미포함)",20000,14000,0.3,0.1,1,1,HSFA1061N
HSFC044N,4단 400폭 책장,119000,83000,0.3,0.1,1,1,HSFC044N
HSPC066,6단 기본선반장 600폭,229000,160000,0.3,0.1,1,1,HSPC066
HSPC264,4단 기본선반장 600폭(2단서랍형),279000,195000,0.3,0.1,1,1,HSPC264
HC400612,600폭 3단 수납장 (도어형),193000,135000,0.3,0.1,1,1,HC400612
HSPC166,6단 기본선반장 600폭(1단서랍형),299000,209000,0.3,0.1,1,1,HSPC166
HSPC586,800폭 6단 수납장,389000,272000,0.3,0.1,1,1,HSPC586
HC80Y12EEL,콘솔책장 1200폭(온라인몰 전용),239000,167000,0.3,0.1,1,1,HC80Y12EEL
HC403001,(벽고정) 인테리어 거실장 SET,1583000,1108000,0.3,0.1,1,1,HC403001
HSPC566,600폭 6단 수납장,359000,251000,0.3,0.1,1,1,HSPC566
HC70Y09EL,전면형 수납장 900폭,329000,230000,0.3,0.1,1,1,HC70Y09EL
HC80Y04EEW,매거진랙_온라인전용,199000,139000,0.3,0.1,1,1,HC80Y04EEW
HC401801,(벽고정)1800폭 인테리어장,889000,622000,0.3,0.1,1,1,HC401801
HSFC124,4단 1200폭 책장,239000,167000,0.3,0.1,1,1,HSFC124
HC400623,600폭 6단 책장(도어형),347000,242000,0.3,0.1,1,1,HC400623
HC402411,2단 수납장 (도어형) SET,600000,420000,0.3,0.1,1,1,HC402411
HC402412,3단 수납장 (도어형) SET,772000,540000,0.3,0.1,1,1,HC402412
HSFC122,2단 1200폭 책장,139000,97000,0.3,0.1,1,1,HSFC122
HC400613,600폭 6단 책장(반도어형),289000,202000,0.3,0.1,1,1,HC400613
HC70H04EEF,원형방석 400폭,35000,24000,0.3,0.1,1,1,HC70H04EEF
HC400602,600폭 3단 수납장(오픈형),135000,94000,0.3,0.1,1,1,HC400602
HC400603,600폭 6단 책장(오픈형),231000,161000,0.3,0.1,1,1,HC400603
HC400601,600폭 2단 수납장(오픈형),99000,69000,0.3,0.1,1,1,HC400601
HSFA161,"디바이더 600폭(서랍형,서랍포함)",33000,23000,0.3,0.1,1,1,HSFA161
HSVA004,전신거울행거,240000,168000,0.3,0.1,1,1,HSVA004
HSQE03,슬라이딩 2단 침대 1000폭(S),1129000,790000,0.3,0.1,1,1,HSQE03
HSQE02,"벙크베드(S,계단장형)",1399000,979000,0.3,0.1,1,1,HSQE02
HSLE01N,"2층 침대(S,사다리형)",2099000,1469000,0.3,0.1,1,1,HSLE01N
HSLE110N,1층 침대(S),729000,510000,0.3,0.1,1,1,HSLE110N
HSTE011,1100폭 키즈 수납침대(SS),764000,534000,0.3,0.1,1,1,HSTE011
HSLE02N,"2층 침대(S,계단장형)",2239000,1567000,0.3,0.1,1,1,HSLE02N
HSQE01,"벙크베드(S,사다리형)",1229000,860000,0.3,0.1,1,1,HSQE01
HSQE010,침대(S),549000,384000,0.3,0.1,1,1,HSQE010
HSTE111,1100폭 수납침대(SS),596000,417000,0.3,0.1,1,1,HSTE111
HSQE05,"서랍형 수납침대 1000폭(S,가드 미포함)",699000,489000,0.3,0.1,1,1,HSQE05
HSQA0004,커튼(1EA),35000,24000,0.3,0.1,1,1,HSQA0004
HSAE02RA,"벙크베드(SS,계단장형,하부조명,우)",1199000,839000,0.3,0.1,1,1,HSAE02RA
HSQE110,하부침대,154000,107000,0.3,0.1,1,1,HSQE110
HSQA450,행잉 행거,51000,35000,0.3,0.1,1,1,HSQA450
HSQA0005,가렌드(1EA),27000,18000,0.3,0.1,1,1,HSQA0005
HSQE017GL,침대가드 1720폭,94000,65000,0.3,0.1,1,1,HSQE017GL
HSLE001PN,침대서랍,70000,49000,0.3,0.1,1,1,HSLE001PN
HSRE08SS,데이베드(SS),1220000,854000,0.3,0.1,1,1,HSRE08SS
HSTE0011C,쿠션스텝,125000,87000,0.3,0.1,1,1,HSTE0011C
HSQA0002,행잉 선반,27000,18000,0.3,0.1,1,1,HSQA0002
HSQE013GL,침대가드 1330폭,71000,49000,0.3,0.1,1,1,HSQE013GL
HSQE02P,"벙크베드(S,계단장형,하부조명)",1469000,1028000,0.3,0.1,1,1,HSQE02P
HSRE110G,침대 가드(기본형) 1000폭,183000,128000,0.3,0.1,1,1,HSRE110G
HSAE02LA,"벙크베드(SS,계단장형,하부조명,좌)",1199000,839000,0.3,0.1,1,1,HSAE02LA
HSAE03,1층 침대(SS),414000,289000,0.3,0.1,1,1,HSAE03
HSRE04SS,"복합형 침대1 (SS,1400폭 선반세트 & 1000폭 테이블)",1269000,888000,0.3,0.1,1,1,HSRE04SS
HSAE01LA,"벙크베드(SS,사다리형,하부조명,좌)",1069000,748000,0.3,0.1,1,1,HSAE01LA
HSRE01SS,가드형 침대(SS),869000,608000,0.3,0.1,1,1,HSRE01SS
HSQE01P,"벙크베드(S,사다리형,하부조명)",1299000,909000,0.3,0.1,1,1,HSQE01P
HSAE01RA,"벙크베드(SS,사다리형,하부조명,우)",1069000,748000,0.3,0.1,1,1,HSAE01RA
HSAE02R,"벙크베드(SS,계단장형,우)",1129000,790000,0.3,0.1,1,1,HSAE02R
IBF0001A,"저상형침대 SS (전면가드,가드도어형)",399000,279000,0.3,0.1,1,1,IBF0001A
HSAE001P,하부 서랍,128000,89000,0.3,0.1,1,1,HSAE001P
HSRE06SS,침대(SS),635000,444000,0.3,0.1,1,1,HSRE06SS
HSAE02L,"벙크베드(SS,계단장형,좌)",1129000,790000,0.3,0.1,1,1,HSAE02L
HSRE03SS,"테이블형 침대 (SS,1400폭 테이블)",1039000,727000,0.3,0.1,1,1,HSRE03SS
HSAE01R,"벙크베드(SS,사다리형,우)",999000,699000,0.3,0.1,1,1,HSAE01R
HSRE02SS,"선반형 침대 (SS,1400폭 선반세트)",1099000,769000,0.3,0.1,1,1,HSRE02SS
HSRE05SS,"복합형 침대2 (SS,1400폭 테이블 & 1000폭 선반세트)",1269000,888000,0.3,0.1,1,1,HSRE05SS
HSAE01L,"벙크베드(SS,사다리형,좌)",999000,699000,0.3,0.1,1,1,HSAE01L
HSRE07SS,"침대(SS,기능형가드)",725000,507000,0.3,0.1,1,1,HSRE07SS
IBF0002A,저상형침대 SS (양면가드형),379000,265000,0.3,0.1,1,1,IBF0002A
HSRE111G,침대 가드(기본형) 1100폭,219000,153000,0.3,0.1,1,1,HSRE111G
IBF0000A,저상형침대 SS (전면가드형),339000,237000,0.3,0.1,1,1,IBF0000A
HSRE011G,침대 가드(기능형) 1100폭,309000,216000,0.3,0.1,1,1,HSRE011G
HSLD112H,1200폭 피넛형 그로잉 책상,169000,118000,0.3,0.1,1,1,HSLD112H
HSLD108,800폭 피넛형 좌식책상,99000,69000,0.3,0.1,1,1,HSLD108
HSLD112AH,직사각형 그로잉책상,169000,118000,0.3,0.1,1,1,HSLD112AH
HSWD2007,키즈테이블 ANIMAL,399000,279000,0.3,0.1,1,1,HSWD2007
HSWD0007,키즈테이블 CITY,399000,279000,0.3,0.1,1,1,HSWD0007
HSLD108BH,클로버형 그로잉책상 800폭(온라인몰 전용),149000,104000,0.3,0.1,1,1,HSLD108BH
HSWD1007,키즈테이블 TOWN,399000,279000,0.3,0.1,1,1,HSWD1007
HSFS123,슬라이딩 책장,259000,181000,0.3,0.1,1,1,HSFS123
HSFS080,코너형 리딩하우스,159000,111000,0.3,0.1,1,1,HSFS080
HSFS090,소파형 리딩하우스,549000,384000,0.3,0.1,1,1,HSFS090
HSFC123,1200폭 3단 책장,139000,97000,0.3,0.1,1,1,HSFC123
HSFP143,PL박스 수납장 3단 1400폭,229000,160000,0.3,0.1,1,1,HSFP143
HSLC580N,800폭 옷장,199000,139000,0.3,0.1,1,1,HSLC580N
HSFM143,PL박스 수납책장 3단 1400폭,229000,160000,0.3,0.1,1,1,HSFM143
HSFA062,전면책장(PL BOX형),129000,90000,0.3,0.1,1,1,HSFA062
HSFS103,PL박스 교구장 3단 1000폭,169000,118000,0.3,0.1,1,1,HSFS103
HSFC083C,3단 코너장,119000,83000,0.3,0.1,1,1,HSFC083C
HSFP093,PL박스 수납장 3단 950폭,159000,111000,0.3,0.1,1,1,HSFP093
HSLA151N,화장대,169000,118000,0.3,0.1,1,1,HSLA151N
HSFP191,PL박스 수납벤치 950폭,139000,97000,0.3,0.1,1,1,HSFP191
HSFM093,PL박스 수납책장 3단 950폭,159000,111000,0.3,0.1,1,1,HSFM093
HSLA563,장난감 수납장,129000,90000,0.3,0.1,1,1,HSLA563
HSFC581,수납형 옷장 1150폭,319000,223000,0.3,0.1,1,1,HSFC581
HSFS113,유아데일리옷장,189000,132000,0.3,0.1,1,1,HSFS113
HSFA162,장난감 수납장,99000,69000,0.3,0.1,1,1,HSFA162
HSFM096,PL박스 수납책장 6단 950폭,239000,167000,0.3,0.1,1,1,HSFM096
HSFC582,서랍형 옷장 800폭,459000,321000,0.3,0.1,1,1,HSFC582
HSLC064N,600폭 4단 책장,116000,81000,0.3,0.1,1,1,HSLC064N
HCS4400S,화장대 스툴,99000,69000,0.3,0.1,1,1,HCS4400S
HSFC580,옷장 800폭,199000,139000,0.3,0.1,1,1,HSFC580
HSLA0040H,높은 PL BOX 400폭,4000,2000,0.3,0.1,1,1,HSLA0040H
HSLC581,(벽고정)서랍형 옷장 800폭,498000,348000,0.3,0.1,1,1,HSLC581
HSFC8083,3단 서랍장 800폭,260000,182000,0.3,0.1,1,1,HSFC8083
HSLC064EN,600폭 4단 수납형 책장,169000,118000,0.3,0.1,1,1,HSLC064EN
HSLA0041,PL BOX 뚜껑 400폭,3000,2000,0.3,0.1,1,1,HSLA0041
HSLA0050,PL BOX 500폭,8000,5000,0.3,0.1,1,1,HSLA0050
HSLC051W,이동식 수납함,65000,45000,0.3,0.1,1,1,HSLC051W
HSRP0303,서랍스툴,209000,146000,0.3,0.1,1,1,HSRP0303
HSFP0060,장난감정리대,109000,76000,0.3,0.1,1,1,HSFP0060
HSLA0040L,낮은 PL BOX 400폭,3000,2000,0.3,0.1,1,1,HSLA0040L
HSLA0051,PL BOX 뚜껑 500폭,3000,2000,0.3,0.1,1,1,HSLA0051
HSFS0060,전면책장(일반형),109000,76000,0.3,0.1,1,1,HSFS0060
HSQS010,1000폭 슬라이딩 책장,229000,160000,0.3,0.1,1,1,HSQS010
HSQC090,900폭 2단 책장,139000,97000,0.3,0.1,1,1,HSQC090
HSQM095,950폭 2단 PL BOX 수납책장,139000,97000,0.3,0.1,1,1,HSQM095
HSQP095,950폭 4단 PL BOX 수납장,159000,111000,0.3,0.1,1,1,HSQP095
IPK0001A,베이비장 세트,499000,349000,0.3,0.1,1,1,IPK0001A
ICS0000A,교구장 2단 1000폭,169000,118000,0.3,0.1,1,1,ICS0000A
IPK0002A,베이비장 세트 (PL형),619000,433000,0.3,0.1,1,1,IPK0002A
IPP80AP00A,서랍장 4단 800폭,300000,210000,0.3,0.1,1,1,IPP80AP00A
ICB0000A,좁은책장 2단 1000폭,179000,125000,0.3,0.1,1,1,ICB0000A
HSVD015,책상 1500폭,550000,385000,0.3,0.1,1,1,HSVD015
HSUD014P,1400폭 서랍형 책상,360000,251000,0.3,0.1,1,1,HSUD014P
HSMD410C,익스텐션(수납형),190000,133000,0.3,0.1,1,1,HSMD410C
HSMD816,"1600폭 측판형 책상(D740,멀티탭형)",399000,279000,0.3,0.1,1,1,HSMD816
HSJD012HP,높은 선반형 책상(하부선반포함),209000,146000,0.3,0.1,1,1,HSJD012HP
HSGD122,2형 파티션 책상 1200폭,319000,223000,0.3,0.1,1,1,HSGD122
HSGD082,2형 파티션 책상 800폭,269000,188000,0.3,0.1,1,1,HSGD082
HSGD120,책상 1200폭,149000,104000,0.3,0.1,1,1,HSGD120
HSGD080,800폭 책상,109000,76000,0.3,0.1,1,1,HSGD080
HSGD123,3형 파티션 책상 1200폭,419000,293000,0.3,0.1,1,1,HSGD123
HSGD123P,3형 파티션 수납형책상 1200폭 D600,598000,418000,0.3,0.1,1,1,HSGD123P
HSG120HP,6단 h형 책상세트(1200폭 수납형책상),489000,342000,0.3,0.1,1,1,HSG120HP
HSJD012,1200폭 책상,123000,86000,0.3,0.1,1,1,HSJD012
HSGD160P,수납형 책상 1600폭 D600,368000,257000,0.3,0.1,1,1,HSGD160P
HSGD083,3형 파티션 책상 800폭,369000,258000,0.3,0.1,1,1,HSGD083
HSGA0006,"원형 멀티조명(거치형,파티션용)",32000,22000,0.3,0.1,1,1,HSGA0006
HSGA0005,메모보드,10000,7000,0.3,0.1,1,1,HSGA0005
HSGD120C,컴퓨터 책상 1200폭 D600,248000,173000,0.3,0.1,1,1,HSGD120C
HSG01A,"6단 h형 책상세트 (1200폭 책상,스크린형,액세서리포함)",382000,267000,0.3,0.1,1,1,HSG01A
HSG120H,6단 h형 책상세트(1200폭 책상),299000,209000,0.3,0.1,1,1,HSG120H
HSGD080E,익스텐션 책상 800폭 D600,129000,90000,0.3,0.1,1,1,HSGD080E
HSG160HP,6단 h형 책상세트(1600폭 수납형책상),499000,349000,0.3,0.1,1,1,HSG160HP
HSGA010,액세서리 세트,59000,41000,0.3,0.1,1,1,HSGA010
HSGD160CA,컴퓨터 책상 1600폭(모니터선반 포함),331000,231000,0.3,0.1,1,1,HSGD160CA
HSGD120P,수납형 책상 1200폭 D600,328000,229000,0.3,0.1,1,1,HSGD120P
HSGD240P,2인 책상 2400폭(수납형),497000,347000,0.3,0.1,1,1,HSGD240P
HSGD163P,3형 파티션 수납형책상 1600폭 D600,648000,453000,0.3,0.1,1,1,HSGD163P
HSGD160C,컴퓨터 책상 1600폭 D600,288000,201000,0.3,0.1,1,1,HSGD160C
HSGD120E,익스텐션 책상 1200폭 D600,169000,118000,0.3,0.1,1,1,HSGD120E
HSGA0004,간이걸이,4000,2000,0.3,0.1,1,1,HSGA0004
HSGA0001,간이선반,15000,10000,0.3,0.1,1,1,HSGA0001
HSGA0003,파일꽂이,28000,19000,0.3,0.1,1,1,HSGA0003
HSGD120CA,컴퓨터 책상 1200폭(모니터선반 포함),278000,194000,0.3,0.1,1,1,HSGD120CA
HSGA0002,연필꽂이,12000,8000,0.3,0.1,1,1,HSGA0002
HSGD162P,2형 파티션 수납형책상 1600폭 D600,548000,383000,0.3,0.1,1,1,HSGD162P
HSGD122P,2형 파티션 수납형책상 1200폭 D600,498000,348000,0.3,0.1,1,1,HSGD122P
HSGD163C,3형 파티션 컴퓨터책상 1600폭 D600,568000,397000,0.3,0.1,1,1,HSGD163C
HSGD162C,2형 파티션 컴퓨터책상 1600폭 D600,468000,327000,0.3,0.1,1,1,HSGD162C
HSGD122C,2형 파티션 컴퓨터책상 1200폭 D600,418000,292000,0.3,0.1,1,1,HSGD122C
HSGD123C,3형 파티션 컴퓨터책상 1200폭 D600,518000,362000,0.3,0.1,1,1,HSGD123C
HSJC0103,3단책장 1000폭(서랍형),189000,132000,0.3,0.1,1,1,HSJC0103
HSJC0063,3단책장 600폭(서랍형),129000,90000,0.3,0.1,1,1,HSJC0063
HSYB082,800폭 2단 책장도어,118000,82000,0.3,0.1,1,1,HSYB082
HSYB042,400폭 2단 책장도어,59000,41000,0.3,0.1,1,1,HSYB042
HSVP042,책상서랍,250000,175000,0.3,0.1,1,1,HSVP042
HSMP1303,3단 연결서랍,219000,153000,0.3,0.1,1,1,HSMP1303
HSGP0303,3단 책상 서랍,100000,70000,0.3,0.1,1,1,HSGP0303
HSNA1010,키즈텐트,158000,110000,0.3,0.1,1,1,HSNA1010
HSLA380N,화이트보드,159000,111000,0.3,0.1,1,1,HSLA380N
HSBA0006,놀이매트 듀얼,134000,93000,0.3,0.1,1,1,HSBA0006
HCS4006A,폴라아코,99000,69000,0.3,0.1,1,1,HCS4006A
HCH2711A,키즈 의자(인조가죽),169000,118000,0.3,0.1,1,1,HCH2711A
HCH2000A,의자,94000,65000,0.3,0.1,1,1,HCH2000A
HCS4003A,디노아코(인조),99000,69000,0.3,0.1,1,1,HCS4003A
HCH2200A,의자(인조가죽)(온라인몰 전용),139000,97000,0.3,0.1,1,1,HCH2200A
HCH271A,키즈 의자(조끼형),182000,127000,0.3,0.1,1,1,HCH271A
HCS4007A,반달아코,99000,69000,0.3,0.1,1,1,HCS4007A
HCS4018A,아기 상어 아코,120000,84000,0.3,0.1,1,1,HCS4018A
HCS4017A,아빠 상어 아코,120000,84000,0.3,0.1,1,1,HCS4017A
HCS4016A,펭귄아코,99000,69000,0.3,0.1,1,1,HCS4016A
HVCS4002A,버니아코(인조),99000,69000,0.3,0.1,1,1,HVCS4002A
HCS4019A,핑크퐁,120000,84000,0.3,0.1,1,1,HCS4019A
HVCS4001A,아코 인조가죽,89000,62000,0.3,0.1,1,1,HVCS4001A
HCS4020A,호기 아코,130000,91000,0.3,0.1,1,1,HCS4020A
HSSE270,다리형 침대 (기본헤드),452000,316000,0.3,0.1,1,1,HSSE270
HA42E03EL,사이드 선반(USB형),47000,32000,0.3,0.1,1,1,HA42E03EL
HSSE270E,"다리형 침대 (확장헤드,펠트주머니포함)",579000,405000,0.3,0.1,1,1,HSSE270E
HSSE280P,수납형 침대 (수납헤드),629000,440000,0.3,0.1,1,1,HSSE280P
HSSE250LP,"모션베드 캐주얼(라텍스,수납헤드,펠트주머니포함)",1739000,1217000,0.3,0.1,1,1,HSSE250LP
HSSE280,수납형 침대 (기본헤드),519000,363000,0.3,0.1,1,1,HSSE280
HSE151HFN,"싱글침대(높은다리형,헤드쿠션포함)",399000,279000,0.3,0.1,1,1,HSE151HFN
HSSE260,"수납침대(1100폭,기본형)",449000,314000,0.3,0.1,1,1,HSSE260
HSSE0000F,펠트주머니,25000,17000,0.3,0.1,1,1,HSSE0000F
HSSE170,"수퍼싱글침대(1100폭,매트별도)",315000,220000,0.3,0.1,1,1,HSSE170
HSSE180,"(온라인몰 전용) 침대(1100폭,매트별도)",315000,220000,0.3,0.1,1,1,HSSE180
HSSE250LEN,"모션베드 캐주얼(라텍스,확장헤드,펠트주머니포함)",1729000,1210000,0.3,0.1,1,1,HSSE250LEN
HSSE250FP,"모션베드 캐주얼(폼,수납헤드,펠트주머니포함)",1639000,1147000,0.3,0.1,1,1,HSSE250FP
HSSE250FN,"모션베드 캐주얼(폼,기본헤드)",1502000,1051000,0.3,0.1,1,1,HSSE250FN
HSKF0010N,스크린(책상연결형),69000,48000,0.3,0.1,1,1,HSKF0010N
HSSE280PM,수납형 침대 (조명형수납헤드),699000,489000,0.3,0.1,1,1,HSSE280PM
HSSE2000F,헤드쿠션,80000,56000,0.3,0.1,1,1,HSSE2000F
HSSE250FEN,"모션베드 캐주얼(폼,확장헤드,펠트주머니포함)",1629000,1140000,0.3,0.1,1,1,HSSE250FEN
HCX0001BA,"싯브레이크 캐스터(에가스터디, 링고아이, 래리, 비토)",16000,11000,0.3,0.1,1,1,HCX0001BA
HCX0001RB,일반 캐스터(올리버),16000,11000,0.3,0.1,1,1,HCX0001RB
HCH290WS,"올리버 메쉬 의자 (회전형,WH)",269000,188000,0.3,0.1,1,1,HCH290WS
HCH380F,주니어 의자 (고정형),194000,135000,0.3,0.1,1,1,HCH380F
HCH1008,스툴 (블랙),98000,68000,0.3,0.1,1,1,HCH1008
HCH290WF,"올리버 메쉬 의자 (고정형,WH)",274000,191000,0.3,0.1,1,1,HCH290WF
HCH1008W,스툴 (화이트),108000,75000,0.3,0.1,1,1,HCH1008W
HCX0001RA,"일반 캐스터(에가스터디,링고아이, 래리, 비토)",16000,11000,0.3,0.1,1,1,HCX0001RA
HCH0020,버튼 의자,162000,113000,0.3,0.1,1,1,HCH0020
HCX0001BB,싯브레이크 캐스터(올리버),16000,11000,0.3,0.1,1,1,HCX0001BB
HCX0006R,연결형 발걸이,18000,12000,0.3,0.1,1,1,HCX0006R
HCH380S,주니어 의자 (회전형),189000,132000,0.3,0.1,1,1,HCH380S
HCH290F,"메쉬 의자 (고정형,BK)",274000,191000,0.3,0.1,1,1,HCH290F
HCH0020W,버튼 스위블 의자,199000,139000,0.3,0.1,1,1,HCH0020W
HCH290S,"메쉬 의자 (회전형,BK)",269000,188000,0.3,0.1,1,1,HCH290S
HXCH6000F,플리코 좌식의자(온라인),79000,55000,0.3,0.1,1,1,HXCH6000F
HVCH2810FC,"링고아이 인조가죽 (고정중심봉,싯브레이크캐스터,발걸이)",197000,137000,0.3,0.1,1,1,HVCH2810FC
HVCH2810FSC,"링고아이 인조가죽 (고정중심봉,회전캐스터,발걸이)",197000,137000,0.3,0.1,1,1,HVCH2810FSC
HVCH2810F,"링고아이 인조가죽 (고정중심봉,싯브레이크캐스터)",179000,125000,0.3,0.1,1,1,HVCH2810F
HVCH2810FS,"링고아이 인조가죽 (고정중심봉,회전캐스터)",179000,125000,0.3,0.1,1,1,HVCH2810FS
HCH3501HL,"헤드레스트,럼버서포트",339000,237000,0.3,0.1,1,1,HCH3501HL
HCH3510HL,"헤드레스트,럼버서포트",374000,261000,0.3,0.1,1,1,HCH3510HL
HCH3800H,의자 (헤드레스트),299000,209000,0.3,0.1,1,1,HCH3800H
HCH3700,베스토,859000,601000,0.3,0.1,1,1,HCH3700
HCH3600L,천연가죽 의자,749000,524000,0.3,0.1,1,1,HCH3600L
HCH3800T,의자,279000,195000,0.3,0.1,1,1,HCH3800T
HCH3510L,럼버서포트,354000,247000,0.3,0.1,1,1,HCH3510L
HCH3501L,럼버서포트,319000,223000,0.3,0.1,1,1,HCH3501L
HCH3510KHL,"아이핏 에어(헤드레스트,럼버서포트,BK)",364000,254000,0.3,0.1,1,1,HCH3510KHL
HCH3501KHL,"아이핏 (헤드레스트,럼버서포트,BK)",329000,230000,0.3,0.1,1,1,HCH3501KHL
HCH3510KL,"아이핏 에어(럼버서포트,BK)",344000,240000,0.3,0.1,1,1,HCH3510KL
HCH3501KL,"아이핏 (럼버서포트,BK)",309000,216000,0.3,0.1,1,1,HCH3501KL
HSVC126N,6단 장식장 1200폭,400000,280000,0.3,0.1,1,1,HSVC126N
HSVC086N,6단 장식장 800폭,360000,251000,0.3,0.1,1,1,HSVC086N
HSVC124N,4단 장식장 1200폭,300000,210000,0.3,0.1,1,1,HSVC124N
HSVC084N,4단 장식장 800폭,260000,182000,0.3,0.1,1,1,HSVC084N
HT50T18EL,패밀리테이블(일반형),299000,209000,0.3,0.1,1,1,HT50T18EL
HT70Y21EL,테이블 2100폭,799000,559000,0.3,0.1,1,1,HT70Y21EL
HT40Y14EL,1400폭 테이블,259000,181000,0.3,0.1,1,1,HT40Y14EL
HT30T14EL,1400폭 테이블,429000,300000,0.3,0.1,1,1,HT30T14EL
HT70Y17EL,테이블 1700폭,699000,489000,0.3,0.1,1,1,HT70Y17EL
HT30T16EL,1600폭 테이블,459000,321000,0.3,0.1,1,1,HT30T16EL
HT40Y08EL,800폭 원형테이블,199000,139000,0.3,0.1,1,1,HT40Y08EL
HL13T10HL,1000폭 원형테이블,359000,251000,0.3,0.1,1,1,HL13T10HL
HTUD1200H,"홈바 세트 1200폭(패브릭,D450)",547000,382000,0.3,0.1,1,1,HTUD1200H
HT90Y19HF,패밀리테이블 1900폭 조명형(페닉스),1799000,1259000,0.3,0.1,1,1,HT90Y19HF
HT90Y16EF,패밀리테이블 1600폭(페닉스),899000,629000,0.3,0.1,1,1,HT90Y16EF
HL13T19HF,다이닝테이블1900폭 (페닉스),859000,601000,0.3,0.1,1,1,HL13T19HF
HT11T14EEN,4인용 식탁 (인조대리석),619000,433000,0.3,0.1,1,1,HT11T14EEN
HT71Y17EL,다이닝테이블 1700폭,699000,489000,0.3,0.1,1,1,HT71Y17EL
HT11T13EL,4인용 식탁 (LPM),269000,188000,0.3,0.1,1,1,HT11T13EL
HL13T16HF,다이닝테이블 1600폭 (페닉스),799000,559000,0.3,0.1,1,1,HL13T16HF
HSUD014HF,"패밀리테이블 1400폭(D750,페닉스)",649000,454000,0.3,0.1,1,1,HSUD014HF
HL12T14HL,1400폭 테이블,399000,279000,0.3,0.1,1,1,HL12T14HL
HT13Y16EF,델릭 식탁 1650폭(페닉스),769000,538000,0.3,0.1,1,1,HT13Y16EF
HSUD014H,패밀리테이블 1400폭(D750),339000,237000,0.3,0.1,1,1,HSUD014H
HT90Y19EF,패밀리테이블 1900폭(페닉스),999000,699000,0.3,0.1,1,1,HT90Y19EF
HTUD1201H,"홈바 세트 1200폭(우드쉘,D450)",547000,382000,0.3,0.1,1,1,HTUD1201H
HL13T14HF,다이닝테이블 1400폭 (페닉스),699000,489000,0.3,0.1,1,1,HL13T14HF
HT71Y21EL,다이닝테이블 2100폭,799000,559000,0.3,0.1,1,1,HT71Y21EL
HL12T08HL,800폭 테이블,300000,210000,0.3,0.1,1,1,HL12T08HL
HTF0E15EL,1580폭 타원형테이블,259000,181000,0.3,0.1,1,1,HTF0E15EL
HT13Y13EF,델릭 식탁 1300폭(페닉스),599000,419000,0.3,0.1,1,1,HT13Y13EF
HL13T10HF,원형테이블 1000폭 (페닉스),469000,328000,0.3,0.1,1,1,HL13T10HF
HTF0E09EL,980폭 원형테이블,189000,132000,0.3,0.1,1,1,HTF0E09EL
HCH7100,원목의자(2개 세트),399000,279000,0.3,0.1,1,1,HCH7100
HT40Y11HL,1000폭 카페장(인출형),499000,349000,0.3,0.1,1,1,HT40Y11HL
HT40E11HL,1000폭 식탁형 카페장(인출형),649000,454000,0.3,0.1,1,1,HT40E11HL
HT40Y06HL,600폭 카페장,329000,230000,0.3,0.1,1,1,HT40Y06HL
HT40E06HL,600폭 식탁형 카페장,479000,335000,0.3,0.1,1,1,HT40E06HL
HT40Y11LL,1000폭 주방수납장(인출형),309000,216000,0.3,0.1,1,1,HT40Y11LL
HT40E10HL,1000폭 식탁형 카페장(도어형),609000,426000,0.3,0.1,1,1,HT40E10HL
HC60Y083H,800폭 높은 카페장,569000,398000,0.3,0.1,1,1,HC60Y083H
HT40Y10HL,1000폭 카페장(도어형),459000,321000,0.3,0.1,1,1,HT40Y10HL
HC60Y061E,600폭 멀티장,499000,349000,0.3,0.1,1,1,HC60Y061E
HC60Y083E,800폭 카페장,419000,293000,0.3,0.1,1,1,HC60Y083E
HT40Y06LL,600폭 주방수납장,189000,132000,0.3,0.1,1,1,HT40Y06LL
HT40U01EEE,플라스틱 서랍(4EA),24000,16000,0.3,0.1,1,1,HT40U01EEE
HT40Y10LL,1000폭 주방수납장(도어형),269000,188000,0.3,0.1,1,1,HT40Y10LL
HA13Y068E,680폭 트롤리,259000,181000,0.3,0.1,1,1,HA13Y068E
HC60Y082E,800폭 팬트리장,399000,279000,0.3,0.1,1,1,HC60Y082E
HCB1E10L,1000폭 전시장(조명),569000,398000,0.3,0.1,1,1,HCB1E10L
HC60Y082H,800폭 높은 팬트리장,549000,384000,0.3,0.1,1,1,HC60Y082H
HT41Y10HL,"1000폭 레마 카페장(조명,도어형)",549000,384000,0.3,0.1,1,1,HT41Y10HL
HCB2E10L,1000폭 청소기장,549000,384000,0.3,0.1,1,1,HCB2E10L
HCB1E90L,900폭 전시장(조명),549000,384000,0.3,0.1,1,1,HCB1E90L
HCB1E95L,950폭 전시장(조명),559000,391000,0.3,0.1,1,1,HCB1E95L
IKP0001A,프리스토 렌지장 1000폭,629000,440000,0.3,0.1,1,1,IKP0001A
IKP0003A,프리스토 2단 렌지장 600폭,459000,321000,0.3,0.1,1,1,IKP0003A
IKB0001A,프리스토 멀티수납장 1000폭,549000,384000,0.3,0.1,1,1,IKB0001A
IKB0003A,프리스토 틈새장 300폭,249000,174000,0.3,0.1,1,1,IKB0003A
IKB0002A,프리스토 멀티수납장 600폭,399000,279000,0.3,0.1,1,1,IKB0002A
IKP0002A,프리스토 렌지장 600폭,469000,328000,0.3,0.1,1,1,IKP0002A
HCH0018A,의자 (인조가죽),209000,146000,0.3,0.1,1,1,HCH0018A
HCH0018F,의자 (패브릭),209000,146000,0.3,0.1,1,1,HCH0018F
HCH0014RP,의자 (플라스틱),145000,101000,0.3,0.1,1,1,HCH0014RP
HCH0014AN,의자 (인조가죽),180000,125000,0.3,0.1,1,1,HCH0014AN
HCH0009,의자 (인조가죽),169000,118000,0.3,0.1,1,1,HCH0009
HCH0014R,의자 (인조가죽),195000,136000,0.3,0.1,1,1,HCH0014R
HCH014B,벤치 (인조가죽),279000,195000,0.3,0.1,1,1,HCH014B
HCH3001,의자 (우드쉘),159000,111000,0.3,0.1,1,1,HCH3001
HCH0014FN,의자 (패브릭),160000,112000,0.3,0.1,1,1,HCH0014FN
HCH016B,벤치 1400폭,299000,209000,0.3,0.1,1,1,HCH016B
HCH9001,원목 의자 (2ea),349000,244000,0.3,0.1,1,1,HCH9001
HCH6000,바스툴(패브릭),139000,97000,0.3,0.1,1,1,HCH6000
HCH6001,바스툴(우드쉘),139000,97000,0.3,0.1,1,1,HCH6001
HXCH0114F,의자(패브릭),120000,84000,0.3,0.1,1,1,HXCH0114F
HCH3001A,앤(인조가죽),139000,97000,0.3,0.1,1,1,HCH3001A
HCH3001F,앤(패브릭),139000,97000,0.3,0.1,1,1,HCH3001F
HCH0018S,솔리드 의자 (인조),189000,132000,0.3,0.1,1,1,HCH0018S
